,78,100,141,143,144,211,221,227,234,303,304,306,314,332,380,412,458,465,467,520,526,527,540,543,728,739,746,790,819,820,821,831,869,871,884,892,1059,1078,1079,1136,1144,1145,1148,1198,1237,1238,1288,1291,1293,1300,1335,1336,1338,1350,1351,1382,1401,1472,1507,1537,1580,1581,1586,1618,1691,1697,1698,1700,1702,1705,1738,1762,1789,1825,1839,1849,1862,1863,1895,6668,7053,7054,7273,7713,7714
78,0,28066.44758,108007.9758,111570.0298,307018.7603,33464.60912,165899.7439,514021.6169,500408.7068,182323.9978,34154.72581,31860.88129,512905.5782,173205.2207,9048.076534,179822.1494,151830.2047,113181.7158,117622.3141,525922.3383,523620.903,518498.5287,529816.1625,521741.1167,145935.6486,126836.8751,171388.1592,25138.83671,156046.5612,132836.4585,131525.6324,175380.2819,158727.7945,37612.79682,397324.5377,174424.0164,104635.7437,429639.5144,428072.1861,44416.56935,138469.9904,117124.5482,519781.075,160696.2756,308345.5858,310813.891,171318.1993,529704.5509,175110.8233,38565.12641,147205.5988,149544.2676,314262.2652,177185.7176,165255.6375,171530.833,30113.67394,526278.7358,505639.0076,532779.8358,394153.484,33045.75303,97772.01913,104129.2214,421067.3007,140716.1464,136182.2935,474944.3068,418972.4954,467491.6578,465750.7409,467000.9935,465232.4842,97753.99423,96814.93999,474249.116,431561.5725,430477.7741,427758.6811,530557.3964,205049.5021,201808.1762,95701.04006,413843.3616,410132.2577
100,28066.44758,0,80152.35269,83714.40673,279163.1373,47337.98088,191091.2336,486165.9939,472553.0837,207515.4875,59346.21554,45734.25305,485049.9551,198396.7104,33121.90013,205013.6391,123974.5817,85326.09273,89766.69101,498066.7153,495765.2799,490642.9056,501960.5395,493885.4937,118080.0255,98981.252,196579.6489,2927.610871,128190.9381,104980.8354,103670.0094,147524.6588,130872.1714,51486.16858,369468.9146,146568.3934,76780.12059,401783.8914,400216.5631,17472.41568,110614.3673,89268.92509,491925.4519,132840.6525,280489.9627,282958.2679,143462.5762,501848.9279,147255.2002,11620.97274,119349.9758,121688.6445,286406.6421,149330.0946,137400.0144,143675.2099,43987.0457,498423.1128,477783.3845,504924.2127,366297.861,5190.129962,69916.39607,76273.59835,393211.6776,165907.6361,161373.7832,447088.6837,391116.8723,439636.0347,437895.1178,439145.3704,437376.8611,69898.37117,68959.31693,446393.4929,403705.9494,402622.1511,399903.058,502701.7733,177193.879,173952.5531,67845.417,385987.7386,382276.6346
141,108007.9758,80152.35269,0,19422.06364,221748.6157,113729.3539,262896.0257,428751.4724,415138.5622,279320.2797,137463.5428,112125.6261,427635.4336,270201.5026,113063.4283,276818.4313,52204.40001,23943.74372,20842.96495,440652.1937,438350.7584,433228.3841,444546.018,436470.9722,46309.84386,27211.07035,268384.4411,82869.13904,56420.7565,36882.81331,48879.80519,88992.47114,59101.98976,117877.5416,310797.0187,88036.2057,22758.31187,344369.3699,342802.0416,64640.48053,38844.18565,17498.74345,434510.9304,71654.00776,223075.4412,225543.7464,84930.38853,444434.4064,89840.67873,70000.4203,51946.31314,54284.98185,228992.1206,90658.19864,78378.8478,85003.31398,110378.4188,441008.5912,420368.863,447509.6912,307625.9651,74962.22273,14497.50467,21483.39416,334539.7817,237712.4282,233178.5754,389674.1622,332444.9764,382221.5132,380480.5963,381730.8489,379962.3396,14160.8149,14200.55995,388978.9714,346291.4279,345207.6295,341231.1621,445287.2518,119779.3575,116538.0316,13218.40508,327315.8426,323604.7387
143,111570.0298,83714.40673,19422.06364,0,205629.0489,117291.408,266458.0798,412631.9055,399018.9954,282882.3337,141025.5969,115687.6801,411515.8668,273763.5566,116625.4823,280380.4853,41940.01964,6695.572361,9948.224627,424532.6269,422231.1916,417108.8172,428426.4511,420351.4053,36045.46349,16946.68997,271946.4951,86431.19308,46156.37613,25857.56485,41059.51335,72872.90428,48837.60939,121439.5957,294677.4518,71916.63885,34641.50255,328249.803,326682.4747,68202.53457,28579.80527,6954.946539,418391.3635,56022.15773,206955.8743,209424.1796,68810.82168,428314.8395,73721.11188,73562.47434,40921.06468,43259.73339,212872.5537,74538.63179,62259.28095,68883.74713,113940.4728,424889.0244,404249.2961,431390.1244,291506.3982,78524.27677,26380.69535,33366.58484,318420.2148,241274.4823,236740.6294,373554.5954,316325.4096,366101.9463,364361.0294,365611.282,363842.7727,21366.6732,22235.03189,372859.4046,330171.8611,329088.0627,325111.5952,429167.685,103659.7906,100418.4647,23771.00157,311196.2758,307485.1719
144,307018.7603,279163.1373,221748.6157,205629.0489,0,312740.1385,461906.8103,225974.4142,212361.504,478331.0642,336474.3274,311136.4107,224858.3754,469212.2871,312074.2129,475829.2158,199996.693,199770.8847,200905.6508,237875.1356,235573.7002,230451.3259,241768.9598,233693.914,205187.6594,205485.4279,467395.2256,281879.9236,196198.1992,195831.7149,224060.4222,136828.304,196931.0441,316888.3262,272041.5599,135183.1382,236968.0546,141592.3117,140024.9834,263651.2651,209904.2149,204390.422,231733.8722,153608.35,3425.815128,4427.183527,136958.7769,241657.3482,131907.937,269011.2049,178763.4301,181102.0988,7875.557695,140138.6477,146953.7848,141102.3418,309389.2033,238231.5331,217591.8048,244732.633,268870.5063,273973.0073,228707.2474,235693.1369,295784.3229,436723.2128,432189.3599,186897.104,293689.5176,179444.455,177703.5381,178953.7907,177185.2814,226855.1724,227567.0046,186201.9132,143514.3698,142430.5714,302475.7033,242510.1936,103795.142,106334.9816,226584.8498,288560.3838,284849.2799
211,33464.60912,47337.98088,113729.3539,117291.408,312740.1385,0,151126.8349,519742.9951,506130.085,167551.0888,24083.45955,1813.290235,518626.9564,158432.3117,25666.37961,165049.2404,157551.5829,118903.094,123343.6923,531643.7165,529342.2812,524219.9069,535537.5407,527462.4949,151657.0268,132558.2532,156615.2502,44410.37001,161767.9394,138557.8366,137247.0106,181101.66,164449.1727,4497.458367,403045.9158,180145.3946,110357.1218,435360.8926,433793.5643,60670.07591,144191.3685,122845.9263,525502.4531,166417.6537,314066.964,316535.2692,177039.5774,535425.9291,180832.2015,54818.63297,152926.977,155265.6457,319983.6433,182907.0958,170977.0156,177252.2111,3840.755532,532000.114,511360.3857,538501.214,399874.8622,43163.7799,103493.3973,109850.5996,426788.6788,125943.2374,121409.3845,480665.685,424693.8736,473213.0359,471472.119,472722.3717,470953.8623,103475.3724,102536.3182,479970.4942,437282.9507,436199.1523,433480.0592,536278.7746,210770.8803,207529.5543,101422.4182,419564.7398,415853.6359
221,165899.7439,191091.2336,262896.0257,266458.0798,461906.8103,151126.8349,0,457380.1796,472257.5607,48630.21645,136905.044,152940.1251,458921.1725,7305.476808,161819.735,13922.40553,306718.2547,268069.7658,272510.3641,453880.3133,451578.878,447434.4616,457774.1375,450048.3624,300823.6986,281724.925,5488.415326,188163.6227,310934.6112,287724.5085,286413.6824,330268.3318,313615.8445,148241.4958,552212.5876,329312.0664,259523.7936,553006.6437,554294.5555,207441.3554,293358.0403,272012.5981,463139.6376,315584.3255,463233.6358,465701.941,326206.2492,457662.5259,329998.8733,201589.9124,302093.6488,304432.3175,469150.3151,332073.7676,320143.6874,326418.883,154269.0491,454236.7108,466187.7432,460737.8108,549041.534,192330.4517,252660.0691,259017.2714,575955.3506,26025.63346,29717.45036,532203.6341,573860.5454,524750.9851,523010.0682,524260.3208,522491.8115,252642.0442,251702.99,531508.4433,551084.5856,551888.9675,582646.7311,456987.7957,359937.5521,356696.2261,250589.09,568731.4116,565020.3077
227,514021.6169,486165.9939,428751.4724,412631.9055,225974.4142,519742.9951,457380.1796,0,16543.84384,477163.7425,532771.36,518139.2673,3626.58047,464685.6564,519077.0695,471302.5851,406999.5497,406773.7413,407908.5074,25960.81521,23659.37989,18537.00557,29854.63943,21779.59362,412190.516,412488.2845,462868.5949,488882.7802,403201.0559,402834.5715,431063.2788,343831.1606,403933.9008,523891.1828,479044.4165,342185.9949,443970.9113,115624.1593,116912.0711,470654.1217,416907.0715,411393.2786,5759.458027,360611.2066,227301.2396,229769.5448,343961.6335,29743.02783,338910.7936,476014.0615,385766.2867,388104.9554,233217.919,347141.5043,353956.6414,348105.1985,516392.0599,26317.2127,10474.02633,32818.31269,475873.3629,480975.8639,435710.1041,442695.9936,502787.1795,449187.0822,445281.9166,94821.14973,500692.3742,87368.50068,85627.58378,86877.8364,85109.32709,433858.029,434569.8613,94125.95894,113702.1012,114506.4831,509478.5599,30595.87327,310797.9986,313337.8382,433587.7064,495563.2404,491852.1365
234,500408.7068,472553.0837,415138.5622,399018.9954,212361.504,506130.085,472257.5607,16543.84384,0,492041.1237,529864.2739,504526.3571,13336.38817,479563.0375,505464.1593,486179.9662,393386.6395,393160.8312,394295.5973,40838.19635,38536.76103,33414.38671,44732.02057,36656.97476,398577.6059,398875.3744,477745.976,475269.8701,389588.1457,389221.6613,417450.3687,330218.2505,390320.9906,510278.2727,465431.5063,328573.0847,430358.0011,102011.2492,103299.1609,457041.2116,403294.1614,397780.3685,20971.44555,346998.2965,213688.3295,216156.6347,330348.7234,44620.40897,325297.8835,462401.1513,372153.3766,374492.0453,219605.0089,333528.5942,340343.7313,334492.2883,502779.1498,41194.59384,6069.81751,47695.69383,462260.4527,467362.9538,422097.1939,429083.0834,489174.2694,464064.4634,460159.2977,81208.2396,487079.4641,73755.59055,72014.67365,73264.92627,71496.41696,420245.1189,420956.9511,80513.04881,100089.1911,100893.573,495865.6498,45473.25441,297185.0884,299724.9281,419974.7963,481950.3303,478239.2264
303,182323.9978,207515.4875,279320.2797,282882.3337,478331.0642,167551.0888,48630.21645,477163.7425,492041.1237,0,153329.2979,169364.3791,478704.7355,55935.69325,178243.989,62552.62198,323142.5086,284494.0197,288934.618,473663.8763,471362.441,467218.0245,477557.7005,469831.9253,317247.9525,298149.179,54118.63177,204587.8767,327358.8651,304148.7624,302837.9364,346692.5858,330040.0984,164665.7498,568636.8416,345736.3203,275948.0476,572790.2066,574078.1184,223865.6093,309782.2943,288436.8521,482923.2005,332008.5795,479657.8897,482126.1949,342630.5032,477446.0889,346423.1272,218014.1664,318517.9027,320856.5715,485574.5691,348498.0215,336567.9414,342843.1369,170693.303,474020.2738,485971.3061,480521.3737,565465.788,208754.7056,269084.323,275441.5253,592379.6046,41817.41382,46141.70429,551987.1971,590284.7993,544534.548,542793.6311,544043.8837,542275.3744,269066.2981,268127.2439,551292.0063,570868.1486,571672.5304,599070.985,476771.3586,376361.806,373120.4801,267013.344,585155.6655,581444.5616
304,34154.72581,59346.21554,137463.5428,141025.5969,336474.3274,24083.45955,136905.044,532771.36,529864.2739,153329.2979,0,25896.74978,534312.3529,144210.5208,30074.71697,150827.4495,181285.7718,142637.2829,147077.8811,529271.4937,526970.0584,522825.6419,533165.3179,525439.5428,175391.2156,156292.4421,142393.4593,56418.60467,185502.1283,162292.0255,160981.1995,204835.8489,188183.3615,21128.26634,426780.1047,203879.5835,134091.3107,459095.0815,457527.7532,75696.33731,167925.5574,146580.1152,538530.818,190151.8426,337801.1528,340269.458,200773.7663,533053.7063,204566.3904,69844.89437,176661.1659,178999.8346,343717.8322,206641.2847,194711.2045,200986.4,27225.67374,529627.8912,535094.5746,536128.9912,423609.0511,64325.52098,127227.5862,133584.7885,450522.8677,111721.4465,107187.5936,504399.8739,448428.0625,496947.2248,495206.3079,496456.5605,494688.0512,127209.5613,126270.5071,503704.6831,461017.1396,459933.3412,457214.2481,532378.9761,234505.0691,231263.7432,125156.6071,443298.9287,439587.8248
306,31860.88129,45734.25305,112125.6261,115687.6801,311136.4107,1813.290235,152940.1251,518139.2673,504526.3571,169364.3791,25896.74978,0,517023.2286,160245.602,24062.65178,166862.5307,155947.8551,117299.3661,121739.9644,530039.9887,527738.5534,522616.179,533933.8129,525858.7671,150053.2989,130954.5254,158428.5405,42806.64218,160164.2116,136954.1088,135643.2828,179497.9322,162845.4448,6310.748603,401442.188,178541.6668,108753.394,433757.1648,432189.8365,59066.34808,142587.6407,121242.1985,523898.7253,164813.9259,312463.2361,314931.5413,175435.8496,533822.2013,179228.4737,53214.90514,151323.2492,153661.9179,318379.9155,181303.368,169373.2878,175648.4833,2237.027698,530396.3862,509756.6579,536897.4861,398271.1344,41560.05206,101889.6695,108246.8718,425184.951,127756.5277,123222.6748,479061.9571,423090.1457,471609.3081,469868.3912,471118.6438,469350.1345,101871.6446,100932.5903,478366.7664,435679.2229,434595.4245,431876.3314,534675.0467,209167.1524,205925.8265,99818.69041,417961.012,414249.908
314,512905.5782,485049.9551,427635.4336,411515.8668,224858.3754,518626.9564,458921.1725,3626.58047,13336.38817,478704.7355,534312.3529,517023.2286,0,466226.6494,517961.0308,472843.5781,405883.5109,405657.7026,406792.4687,27501.80818,25200.37286,20077.99854,31395.6324,23320.58659,411074.4773,411372.2458,464409.5879,487766.7415,402085.0171,401718.5328,429947.2401,342715.1219,402817.862,522775.1441,477928.3778,341069.9561,442854.8725,114508.1206,115796.0323,469538.083,415791.0328,410277.2399,8054.182185,359495.1679,226185.2009,228653.5061,342845.5948,31284.0208,337794.7549,474898.0228,384650.248,386988.9167,232101.8803,346025.4656,352840.6027,346989.1597,515276.0212,27858.20567,7266.57066,34359.30566,474757.3241,479859.8252,434594.0653,441579.9548,501671.1408,450728.0752,446822.9095,93705.11101,499576.3355,86252.46196,84511.54506,85761.79768,83993.28837,432741.9903,433453.8225,93009.92021,112586.0625,113390.4444,508362.5212,32136.86624,309681.9599,312221.7995,432471.6677,494447.2017,490736.0978
332,173205.2207,198396.7104,270201.5026,273763.5566,469212.2871,158432.3117,7305.476808,464685.6564,479563.0375,55935.69325,144210.5208,160245.602,466226.6494,0,169125.2118,8996.176336,314023.7315,275375.2426,279815.8409,461185.7901,458884.3548,454739.9384,465079.6144,457353.8392,308129.1754,289030.4019,1817.061482,195469.0995,318240.088,295029.9853,293719.1592,337573.8086,320921.3213,155546.9726,559518.0645,336617.5432,266829.2704,560312.1205,561600.0323,214746.8322,300663.5172,279318.075,470445.1144,322889.8024,470539.1126,473007.4178,333511.726,464968.0028,337304.3501,208895.3892,309399.1256,311737.7943,476455.7919,339379.2444,327449.1642,333724.3598,161574.5259,461542.1876,473493.22,468043.2876,556347.0108,199635.9285,259965.5459,266322.7482,583260.8275,33331.11027,37022.92717,539509.1109,581166.0222,532056.4619,530315.545,531565.7976,529797.2883,259947.521,259008.4668,538813.9201,558390.0624,559194.4443,589952.2079,464293.2725,367243.0289,364001.7029,257894.5669,576036.8884,572325.7845
380,9048.076534,33121.90013,113063.4283,116625.4823,312074.2129,25666.37961,161819.735,519077.0695,505464.1593,178243.989,30074.71697,24062.65178,517961.0308,169125.2118,0,175742.1406,156885.6573,118237.1683,122677.7666,530977.7909,528676.3555,523553.9812,534871.6151,526796.5693,150991.1011,131892.3276,167308.1504,30194.28926,161102.0138,137891.911,136581.085,180435.7344,163783.247,29814.56731,402379.9902,179479.469,109691.1962,434694.967,433127.6387,49472.02189,143525.4429,122180.0007,524836.5275,165751.7281,313401.0383,315869.3435,176373.6518,534760.0035,180166.2759,43620.57895,152261.0514,154599.7201,319317.7177,182241.1702,170311.09,176586.2855,22315.44443,531334.1884,510694.4601,537835.2883,399208.9366,38101.20557,102827.4717,109184.674,426122.7532,136636.1375,132102.2847,479999.7593,424027.9479,472547.1103,470806.1934,472056.446,470287.9367,102809.4468,101870.3925,479304.5685,436617.0251,435533.2267,432814.1336,535612.8489,210104.9546,206863.6287,100756.4926,418898.8142,415187.7102
412,179822.1494,205013.6391,276818.4313,280380.4853,475829.2158,165049.2404,13922.40553,471302.5851,486179.9662,62552.62198,150827.4495,166862.5307,472843.5781,8996.176336,175742.1406,0,320640.6602,281992.1713,286432.7696,467802.7189,465501.2835,461356.8671,471696.5431,463970.7679,314746.1041,295647.3306,9481.802212,202086.0283,324857.0167,301646.914,300336.088,344190.7374,327538.25,162163.9014,566134.9932,343234.4719,273446.1992,566929.0492,568216.961,221363.7609,307280.4459,285935.0037,477062.0431,329506.7311,477156.0413,479624.3465,340128.6548,471584.9315,343921.2788,215512.318,316016.0544,318354.7231,483072.7207,345996.1731,334066.093,340341.2885,168191.4546,468159.1164,480110.1487,474660.2163,562963.9396,206252.8572,266582.4746,272939.6769,589877.7562,39948.03899,43639.8559,546126.0397,587782.9509,538673.3906,536932.4737,538182.7263,536414.217,266564.4498,265625.3955,545430.8489,565006.9912,565811.373,596569.1366,470910.2012,373859.9576,370618.6317,264511.4956,582653.8171,578942.7132
458,151830.2047,123974.5817,52204.40001,41940.01964,199996.693,157551.5829,306718.2547,406999.5497,393386.6395,323142.5086,181285.7718,155947.8551,405883.5109,314023.7315,156885.6573,320640.6602,0,41718.30964,35606.64607,418900.271,416598.8357,411476.4614,422794.0953,414719.0495,6593.938903,25202.05569,312206.67,126691.368,5619.329053,26115.94814,27434.39725,66959.44908,8300.562314,161699.7706,288763.9966,66003.18365,55150.79112,322617.4472,321050.1189,108462.7095,14472.86225,35405.03932,412759.0077,49620.9857,201323.5185,203791.8237,63389.29035,422682.4837,68088.75603,113822.6493,21652.38774,19593.13556,207240.1979,68625.17658,56345.82574,62970.29192,154200.6477,419256.6685,398616.9403,425757.7685,285592.943,118784.4517,59163.03172,54263.57619,312506.7596,281534.6572,277000.8043,367922.2395,310411.9544,360469.5905,358728.6736,359978.9262,358210.4169,57983.04387,58022.78891,367227.0487,324539.5052,323455.7068,319198.14,423535.3291,98027.4348,94786.10887,57040.63405,305282.8206,301571.7167
465,113181.7158,85326.09273,23943.74372,6695.572361,199770.8847,118903.094,268069.7658,406773.7413,393160.8312,284494.0197,142637.2829,117299.3661,405657.7026,275375.2426,118237.1683,281992.1713,41718.30964,0,6601.478879,418674.4627,416373.0274,411250.6531,422568.2869,414493.2411,35823.75349,16724.97997,273558.1811,88042.87908,45934.66613,20563.26712,40837.80335,67014.74011,48615.89939,123051.2817,288819.2876,66058.47468,39163.18263,322391.6388,320824.3105,69814.22057,28358.09527,9241.294345,412533.1994,49746.13087,201097.7102,203566.0154,62952.65751,422456.6753,67862.94771,75174.16033,35626.76695,37965.43566,207014.3896,68680.46762,56401.11678,63025.58296,115552.1588,419030.8602,398391.1319,425531.9602,285648.234,80135.96277,30902.37544,37888.26492,312562.0507,242886.1683,238352.3154,367696.4312,310467.2454,360243.7821,358502.8652,359753.1179,357984.6086,28061.82485,28930.18354,367001.2404,324313.6969,323229.8985,319253.4311,423309.5208,97801.62648,94560.30055,28779.97776,305338.1116,301627.0077
467,117622.3141,89766.69101,20842.96495,9948.224627,200905.6508,123343.6923,272510.3641,407908.5074,394295.5973,288934.618,147077.8811,121739.9644,406792.4687,279815.8409,122677.7666,286432.7696,35606.64607,6601.478879,0,419809.2288,417507.7935,412385.4191,423703.053,415628.0072,29712.08992,10613.31641,277998.7794,92483.47736,39823.00256,17506.78516,34726.13978,68149.50618,42504.23582,127491.88,289954.0537,67193.24075,36062.40386,323526.4049,321959.0766,74254.81885,22246.43171,3484.771189,413667.9654,50811.04281,202232.4762,204700.7815,64087.42358,423591.4414,68997.71378,79614.75862,32570.28499,34908.9537,208149.1556,69815.23369,57535.88285,64160.34903,119992.7571,420165.6263,399525.898,426666.7263,286783.0001,84576.56105,27801.59667,34787.48615,313696.8167,247326.7666,242792.9137,368831.1973,311602.0115,361378.5482,359637.6313,360887.8839,359119.3746,26621.60881,26661.35386,368136.0065,325448.463,324364.6646,320388.1971,424444.2869,98936.39255,95695.06662,25679.19899,306472.8777,302761.7738
520,525922.3383,498066.7153,440652.1937,424532.6269,237875.1356,531643.7165,453880.3133,25960.81521,40838.19635,473663.8763,529271.4937,530039.9887,27501.80818,461185.7901,530977.7909,467802.7189,418900.271,418674.4627,419809.2288,0,2301.435314,7423.809637,7117.632034,4881.03008,424091.2374,424389.0059,459368.7287,500783.5016,415101.7772,414735.2929,442964.0002,355731.882,415834.6221,535791.9042,490945.1379,354086.7162,455871.6326,127524.8807,128812.7924,482554.8431,428807.7929,423294,31720.27324,372511.928,239201.961,241670.2662,355862.3549,4617.953098,350811.515,487914.7829,397667.0081,400005.6768,245118.6404,359042.2257,365857.3628,360005.9199,528292.7813,2164.241211,34768.37884,7276.622282,487774.0843,492876.5853,447610.8255,454596.7149,514687.9009,445687.216,441782.0503,106721.8711,512593.0956,99269.22207,97528.30517,98778.55779,97010.04848,445758.7504,446470.5826,106026.6803,125602.8226,126407.2045,521379.2813,7858.865879,322698.72,325238.5596,445488.4278,507463.9618,503752.8579
526,523620.903,495765.2799,438350.7584,422231.1916,235573.7002,529342.2812,451578.878,23659.37989,38536.76103,471362.441,526970.0584,527738.5534,25200.37286,458884.3548,528676.3555,465501.2835,416598.8357,416373.0274,417507.7935,2301.435314,0,5122.374323,7249.382138,2579.594766,421789.8021,422087.5706,457067.2933,498482.0663,412800.3419,412433.8575,440662.5649,353430.4467,413533.1868,533490.4689,488643.7026,351785.2809,453570.1973,125223.4454,126511.3571,480253.4078,426506.3576,420992.5647,29418.83792,370210.4927,236900.5257,239368.8309,353560.9196,6223.356203,348510.0797,485613.3475,395365.5728,397704.2415,242817.2051,356740.7904,363555.9275,357704.4845,525991.346,2797.541075,32466.94352,9298.641061,485472.6489,490575.15,445309.3901,452295.2796,512386.4656,443385.7807,439480.615,104420.4358,510291.6603,96967.78675,95226.86985,96477.12247,94708.61317,443457.3151,444169.1473,103725.245,123301.3873,124105.7692,519077.846,7990.615982,320397.2847,322937.1243,443186.9925,505162.5265,501451.4226
527,518498.5287,490642.9056,433228.3841,417108.8172,230451.3259,524219.9069,447434.4616,18537.00557,33414.38671,467218.0245,522825.6419,522616.179,20077.99854,454739.9384,523553.9812,461356.8671,411476.4614,411250.6531,412385.4191,7423.809637,5122.374323,0,11598.73322,3242.588051,416667.4277,416965.1963,452922.8769,493359.692,407677.9676,407311.4832,435540.1906,348308.0724,408410.8125,528368.0946,483521.3282,346662.9066,448447.823,120101.0711,121388.9828,475131.0335,421383.9833,415870.1903,24296.4636,365088.1184,231778.1514,234246.4566,348438.5453,11206.02226,343387.7054,480490.9732,390243.1985,392581.8672,237694.8308,351618.4161,358433.5532,352582.1102,520868.9717,7780.207131,27344.5692,14281.30712,480350.2746,485452.7757,440187.0158,447172.9053,507264.0912,439241.3642,435336.1986,99298.06148,505169.286,91845.41243,90104.49553,91354.74815,89586.23884,438334.9408,439046.773,98602.87069,118179.013,118983.3948,513955.4716,12339.96706,315274.9103,317814.75,438064.6181,500040.1522,496329.0483
540,529816.1625,501960.5395,444546.018,428426.4511,241768.9598,535537.5407,457774.1375,29854.63943,44732.02057,477557.7005,533165.3179,533933.8129,31395.6324,465079.6144,534871.6151,471696.5431,422794.0953,422568.2869,423703.053,7117.632034,7249.382138,11598.73322,0,9618.152383,427985.0616,428282.8301,463262.5529,504677.3258,418995.6015,418629.1171,446857.8244,359625.7062,419728.4464,539685.7284,494838.9621,357980.5405,459765.4569,131418.7049,132706.6167,486448.6673,432701.6171,427187.8242,35614.09746,376405.7522,243095.7852,245564.0904,359756.1791,11735.58513,354705.3392,491808.6071,401560.8323,403899.501,249012.4646,362936.0499,369751.187,363899.7441,532186.6055,9281.873245,38662.20306,14394.25432,491667.9085,496770.4095,451504.6497,458490.5392,518581.7251,449581.0402,445675.8745,110615.6953,516486.9198,103163.0463,101422.1294,102672.382,100903.8727,449652.5746,450364.4069,109920.5045,129496.6468,130301.0287,525273.1055,2900.857358,326592.5442,329132.3838,449382.252,511357.7861,507646.6821
543,521741.1167,493885.4937,436470.9722,420351.4053,233693.914,527462.4949,450048.3624,21779.59362,36656.97476,469831.9253,525439.5428,525858.7671,23320.58659,457353.8392,526796.5693,463970.7679,414719.0495,414493.2411,415628.0072,4881.03008,2579.594766,3242.588051,9618.152383,0,419910.0158,420207.7843,455536.7777,496602.28,410920.5557,410554.0713,438782.7786,351550.6604,411653.4006,531610.6826,486763.9163,349905.4947,451690.4111,123343.6591,124631.5709,478373.6215,424626.5713,419112.7784,27539.05165,368330.7064,235020.7394,237489.0446,351681.1333,8663.242702,346630.2934,483733.5613,393485.7865,395824.4552,240937.4188,354861.0041,361676.1412,355824.6983,524111.5597,5237.427574,30587.15725,11738.52756,483592.8627,488695.3637,443429.6039,450415.4934,510506.6793,441855.2651,437950.0994,102540.6495,508411.874,95088.00048,93347.08358,94597.3362,92828.82689,441577.5288,442289.3611,101845.4587,121421.601,122225.9829,517198.0597,10359.38623,318517.4984,321057.338,441307.2062,503282.7402,499571.6363
728,145935.6486,118080.0255,46309.84386,36045.46349,205187.6594,151657.0268,300823.6986,412190.516,398577.6059,317247.9525,175391.2156,150053.2989,411074.4773,308129.1754,150991.1011,314746.1041,6593.938903,35823.75349,29712.08992,424091.2374,421789.8021,416667.4277,427985.0616,419910.0158,0,19307.49954,306312.1139,120796.8119,10810.29539,20221.39198,21539.84109,72150.41541,13491.52865,155805.2145,293954.963,71194.14998,49256.23497,327808.4135,326241.0852,102568.1533,8578.306097,29510.48316,417949.974,54811.95204,206514.4848,208982.79,68580.25669,427873.45,73279.72237,107928.0931,26843.35407,24784.1019,212431.1642,73816.14292,61536.79208,68161.25826,148306.0916,424447.6349,403807.9066,430948.7349,290783.9093,112889.8955,53268.47557,48369.02004,317697.726,275640.1011,271106.2482,373113.2059,315602.9207,365660.5568,363919.6399,365169.8925,363401.3832,52088.48772,52128.23276,372418.0151,329730.4716,328646.6732,324389.1064,428726.2954,103218.4011,99977.07521,51146.0779,310473.7869,306762.683
739,126836.8751,98981.252,27211.07035,16946.68997,205485.4279,132558.2532,281724.925,412488.2845,398875.3744,298149.179,156292.4421,130954.5254,411372.2458,289030.4019,131892.3276,295647.3306,25202.05569,16724.97997,10613.31641,424389.0059,422087.5706,416965.1963,428282.8301,420207.7843,19307.49954,0,287213.3404,101698.0383,29418.41218,14682.00395,24321.5494,72729.28328,32099.64544,136706.4409,294533.8308,71773.01785,42430.50926,328106.182,326538.8537,83469.37983,11841.84132,10411.70965,418247.7425,55390.81991,206812.2533,209280.5586,68667.20068,428171.2185,73577.49088,88829.3196,34984.58395,37323.25266,212728.9327,74395.01079,62115.65995,68740.12613,129207.3181,424745.4034,404105.6751,431246.5034,291362.7772,93791.12203,34169.70206,41155.59154,318276.5938,256541.3275,252007.4747,373410.9744,316181.7886,365958.3253,364217.4084,365467.661,363699.1517,32989.71421,33029.45925,372715.7836,330028.2401,328944.4417,324967.9742,429024.064,103516.1697,100274.8437,32047.30439,311052.6548,307341.5509
746,171388.1592,196579.6489,268384.4411,271946.4951,467395.2256,156615.2502,5488.415326,462868.5949,477745.976,54118.63177,142393.4593,158428.5405,464409.5879,1817.061482,167308.1504,9481.802212,312206.67,273558.1811,277998.7794,459368.7287,457067.2933,452922.8769,463262.5529,455536.7777,306312.1139,287213.3404,0,193652.0381,316423.0265,293212.9238,291902.0978,335756.7472,319104.2598,153729.9112,557701.003,334800.4817,265012.209,558495.059,559782.9708,212929.7707,298846.4557,277501.0135,468628.0529,321072.7409,468722.0511,471190.3563,331694.6646,463150.9413,335487.2886,207078.3278,307582.0641,309920.7329,474638.7305,337562.1829,325632.1028,331907.2983,159757.4644,459725.1261,471676.1585,466226.2261,554529.9494,197818.867,258148.4844,264505.6867,581443.766,31514.04878,35205.86569,537692.0494,579348.9607,530239.4004,528498.4835,529748.7361,527980.2268,258130.4595,257191.4053,536996.8587,556573.0009,557377.3828,588135.1464,462476.211,365425.9674,362184.6415,256077.5054,574219.8269,570508.723
790,25138.83671,2927.610871,82869.13904,86431.19308,281879.9236,44410.37001,188163.6227,488882.7802,475269.8701,204587.8767,56418.60467,42806.64218,487766.7415,195469.0995,30194.28926,202086.0283,126691.368,88042.87908,92483.47736,500783.5016,498482.0663,493359.692,504677.3258,496602.28,120796.8119,101698.0383,193652.0381,0,130907.7245,107697.6218,106386.7957,150241.4451,133588.9578,48558.55771,372185.7009,149285.1797,79496.90694,404500.6777,402933.3494,19488.55716,113331.1536,91985.71144,494642.2382,135557.4388,283206.7491,285675.0543,146179.3625,504565.7142,149971.9866,13637.11422,122066.7621,124405.4308,289123.4284,152046.8809,140116.8007,146391.9963,41059.43483,501139.8991,480500.1708,507640.9991,369014.6473,7906.916312,72633.18242,78990.3847,395928.4639,162980.0252,158446.1724,449805.4701,393833.6587,442352.821,440611.9041,441862.1568,440093.6474,72615.15752,71676.10328,449110.2793,406422.7358,405338.9374,402619.8444,505418.5597,179910.6654,176669.3394,70562.20335,388704.5249,384993.421
819,156046.5612,128190.9381,56420.7565,46156.37613,196198.1992,161767.9394,310934.6112,403201.0559,389588.1457,327358.8651,185502.1283,160164.2116,402085.0171,318240.088,161102.0138,324857.0167,5619.329053,45934.66613,39823.00256,415101.7772,412800.3419,407677.9676,418995.6015,410920.5557,10810.29539,29418.41218,316423.0265,130907.7245,0,30332.30462,31650.75374,63160.95527,3030.503929,165916.1271,284965.5028,62204.68984,59367.14761,318818.9534,317251.6251,112679.066,18689.21874,39621.3958,408960.5139,45822.4919,197525.0247,199993.3299,59590.79655,418883.9899,64290.26223,118039.0058,17853.89393,15794.64175,203441.7041,64826.68278,52547.33194,59171.79812,158417.0042,415458.1747,394818.4465,421959.2747,281794.4492,123000.8082,63379.38821,58479.93268,308708.2658,285751.0137,281217.1608,364123.7457,306613.4605,356671.0967,354930.1798,356180.4324,354411.9231,62199.40036,62239.1454,363428.5549,320741.0114,319657.213,315399.6462,419736.8353,94228.941,90987.61507,61256.99054,301484.3268,297773.2228
820,132836.4585,104980.8354,36882.81331,25857.56485,195831.7149,138557.8366,287724.5085,402834.5715,389221.6613,304148.7624,162292.0255,136954.1088,401718.5328,295029.9853,137891.911,301646.914,26115.94814,20563.26712,17506.78516,414735.2929,412433.8575,407311.4832,418629.1171,410554.0713,20221.39198,14682.00395,293212.9238,107697.6218,30332.30462,0,28718.94839,63075.57026,33013.53788,142706.0243,284880.1178,62119.30483,52102.25222,318452.469,316885.1407,89468.96324,14562.74111,19943.74435,408594.0295,45737.10688,197158.5403,199626.8455,59013.48765,418517.5055,63923.77785,94828.90301,25330.87092,27669.53963,203075.2197,64741.29776,52461.94692,59086.4131,135206.9015,415091.6904,394451.9621,421592.7903,281709.0642,99790.70544,43841.44502,50827.33451,308622.8808,262540.911,258007.0581,363757.2613,306528.0755,356304.6123,354563.6954,355813.948,354045.4387,42661.45717,42701.20221,363062.0705,320374.5271,319290.7287,315314.2612,419370.3509,93862.45662,90621.13069,41719.04735,301398.9418,297687.8378
821,131525.6324,103670.0094,48879.80519,41059.51335,224060.4222,137247.0106,286413.6824,431063.2788,417450.3687,302837.9364,160981.1995,135643.2828,429947.2401,293719.1592,136581.085,300336.088,27434.39725,40837.80335,34726.13978,442964.0002,440662.5649,435540.1906,446857.8244,438782.7786,21539.84109,24321.5494,291902.0978,106386.7957,31650.75374,28718.94839,0,91304.27759,34331.987,141395.1983,313108.8251,90348.01216,28700.24164,346681.1763,345113.848,88158.13722,14436.88594,34524.53302,436822.7368,73965.81422,225387.2477,227855.5529,87242.19499,446746.2128,92152.48519,93518.07698,47683.81242,45624.56024,231303.927,92970.0051,80690.65426,87315.12044,133896.0754,443320.3977,422680.6694,449821.4977,309937.7715,98479.87942,34382.30052,27813.0267,336851.5881,261230.0849,256696.2321,391985.9687,334756.7829,384533.3196,382792.4027,384042.6553,382274.146,41991.86399,42031.60903,391290.7779,348603.2344,347519.436,343542.9685,447599.0583,122091.164,118849.838,40910.58228,329627.6491,325916.5452
831,175380.2819,147524.6588,88992.47114,72872.90428,136828.304,181101.66,330268.3318,343831.1606,330218.2505,346692.5858,204835.8489,179497.9322,342715.1219,337573.8086,180435.7344,344190.7374,66959.44908,67014.74011,68149.50618,355731.882,353430.4467,348308.0724,359625.7062,351550.6604,72150.41541,72729.28328,335756.7472,150241.4451,63160.95527,63075.57026,91304.27759,0,63893.80017,185249.8477,228509.708,6399.458973,104211.91,259449.0581,257881.7298,132012.7866,77148.07031,71634.27737,349590.6187,18113.58511,138155.1295,140623.4347,8741.478224,359514.0946,9258.059642,137372.7264,45726.18614,48064.85485,144071.8089,10731.71012,12302.318,8272.551719,177750.7249,356088.2795,335448.5512,362589.3795,225338.6544,142334.5288,95951.10285,102936.9923,252252.471,305084.7343,300550.8815,304753.8505,250157.6657,297301.2014,295560.2845,296810.5372,295042.0279,94099.0278,94810.86004,304058.6597,261371.1162,260287.3178,258943.8514,360366.9401,34156.29738,30914.97145,93828.70518,245028.532,241317.428
869,158727.7945,130872.1714,59101.98976,48837.60939,196931.0441,164449.1727,313615.8445,403933.9008,390320.9906,330040.0984,188183.3615,162845.4448,402817.862,320921.3213,163783.247,327538.25,8300.562314,48615.89939,42504.23582,415834.6221,413533.1868,408410.8125,419728.4464,411653.4006,13491.52865,32099.64544,319104.2598,133588.9578,3030.503929,33013.53788,34331.987,63893.80017,0,168597.3604,285698.3477,62937.53474,62048.38087,319551.7983,317984.47,115360.2992,21370.452,42302.62907,409693.3588,46555.3368,198257.8696,200726.1748,60323.64145,419616.8348,65023.10713,120720.239,18586.73883,16527.48665,204174.549,65559.52768,53280.17684,59904.64302,161098.2375,416191.0196,395551.2914,422692.1196,282527.2941,125682.0414,66060.62147,61161.16594,309441.1107,288432.247,283898.3941,364856.5906,307346.3054,357403.9416,355663.0247,356913.2773,355144.768,64880.63362,64920.37866,364161.3998,321473.8563,320390.0579,316132.4911,420469.6802,94961.7859,91720.45997,63938.2238,302217.1717,298506.0677
871,37612.79682,51486.16858,117877.5416,121439.5957,316888.3262,4497.458367,148241.4958,523891.1828,510278.2727,164665.7498,21128.26634,6310.748603,522775.1441,155546.9726,29814.56731,162163.9014,161699.7706,123051.2817,127491.88,535791.9042,533490.4689,528368.0946,539685.7284,531610.6826,155805.2145,136706.4409,153729.9112,48558.55771,165916.1271,142706.0243,141395.1983,185249.8477,168597.3604,0,407194.1035,184293.5823,114505.3095,439509.0803,437941.752,64818.26361,148339.5562,126994.114,529650.6408,170565.8414,318215.1517,320683.4569,181187.7651,539574.1168,184980.3892,58966.82067,157075.1647,159413.8334,324131.831,187055.2835,175125.2033,181400.3988,7639.672562,536148.3017,515508.5734,542649.4017,404023.0499,47311.9676,107641.585,113998.7873,430936.8665,123057.8983,118524.0455,484813.8727,428842.0613,477361.2236,475620.3067,476870.5593,475102.05,107623.5601,106684.5059,484118.6819,441431.1384,440347.34,437628.2469,540013.1589,214919.068,211677.742,105570.6059,423712.9275,420001.8236
884,397324.5377,369468.9146,310797.0187,294677.4518,272041.5599,403045.9158,552212.5876,479044.4165,465431.5063,568636.8416,426780.1047,401442.188,477928.3778,559518.0645,402379.9902,566134.9932,288763.9966,288819.2876,289954.0537,490945.1379,488643.7026,483521.3282,494838.9621,486763.9163,293954.963,294533.8308,557701.003,372185.7009,284965.5028,284880.1178,313108.8251,228509.708,285698.3477,407194.1035,0,233798.1918,326016.4576,394662.314,393094.9857,353957.0424,298952.6178,293438.8249,484803.8745,239143.0109,273368.3853,275836.6905,236834.5705,494727.3505,233879.3547,359316.9822,267530.7337,269869.4024,279285.0647,221392.0126,232418.1709,225793.7047,399694.9807,491301.5354,470661.8071,497802.6353,3171.05361,364278.7846,317755.6504,324741.5399,36494.32749,527028.9901,522495.1373,439967.1063,34399.52222,432514.4573,430773.5404,432023.793,430255.2837,315903.5753,316615.4076,439271.9156,396584.3721,395500.5737,43185.70789,495580.1959,213651.2419,216542.4558,315633.2527,29825.87601,26114.77209
892,174424.0164,146568.3934,88036.2057,71916.63885,135183.1382,180145.3946,329312.0664,342185.9949,328573.0847,345736.3203,203879.5835,178541.6668,341069.9561,336617.5432,179479.469,343234.4719,66003.18365,66058.47468,67193.24075,354086.7162,351785.2809,346662.9066,357980.5405,349905.4947,71194.14998,71773.01785,334800.4817,149285.1797,62204.68984,62119.30483,90348.01216,6399.458973,62937.53474,184293.5823,233798.1918,0,103255.6446,257803.8924,256236.5641,131056.5212,76191.80488,70678.01194,347945.4529,20879.78772,136509.9637,138978.2689,3594.375403,357868.9289,3696.850273,136416.461,44769.92071,47108.58942,142426.6431,17131.1691,15068.5206,14392.59416,176794.4594,354443.1137,333803.3855,360944.2137,230627.1382,141378.2634,94994.83742,101980.7269,257540.9548,304128.4689,299594.616,303108.6847,255446.1496,295656.0357,293915.1188,295165.3714,293396.8621,93142.76237,93854.59461,302413.4939,259725.9504,258642.152,264232.3352,358721.7743,33213.88,29972.55407,92872.43974,250317.0158,246605.9119
1059,104635.7437,76780.12059,22758.31187,34641.50255,236968.0546,110357.1218,259523.7936,443970.9113,430358.0011,275948.0476,134091.3107,108753.394,442854.8725,266829.2704,109691.1962,273446.1992,55150.79112,39163.18263,36062.40386,455871.6326,453570.1973,448447.823,459765.4569,451690.4111,49256.23497,42430.50926,265012.209,79496.90694,59367.14761,52102.25222,28700.24164,104211.91,62048.38087,114505.3095,326016.4576,103255.6446,0,359588.8088,358021.4805,61268.24843,42153.27981,32718.18235,449730.3693,86873.44667,238294.8801,240763.1853,100149.8274,459653.8453,105060.1176,66628.18819,67165.75205,69504.42076,244211.5595,105877.6376,93598.28671,100222.7529,107006.1867,456228.0301,435588.3019,462729.1301,322845.404,71589.99063,8260.807197,7713.292906,349759.2206,234340.1961,229806.3433,404893.6011,347664.4153,397440.9521,395700.0352,396950.2878,395181.7785,15870.37067,15700.55331,404198.4103,361510.8668,360427.0684,356450.601,460506.6907,134998.7964,131757.4705,14586.65338,342535.2815,338824.1776
1078,429639.5144,401783.8914,344369.3699,328249.803,141592.3117,435360.8926,553006.6437,115624.1593,102011.2492,572790.2066,459095.0815,433757.1648,114508.1206,560312.1205,434694.967,566929.0492,322617.4472,322391.6388,323526.4049,127524.8807,125223.4454,120101.0711,131418.7049,123343.6591,327808.4135,328106.182,558495.059,404500.6777,318818.9534,318452.469,346681.1763,259449.0581,319551.7983,439509.0803,394662.314,257803.8924,359588.8088,0,1567.328294,386272.0192,332524.969,327011.1761,121383.6173,276229.1041,142919.1371,145387.4423,259579.531,131307.0933,254528.6911,391631.959,301384.1842,303722.8529,148835.8165,262759.4018,269574.5389,263723.096,432009.9574,127881.2782,107241.5499,134382.3782,391491.2604,396593.7614,351328.0016,358313.8911,418405.077,544813.5464,540908.3807,50600.24392,416310.2717,42725.94582,40634.07543,42656.93058,39346.16115,349475.9265,350187.7588,49623.95376,2480.891143,1117.676214,425096.4574,132159.9388,226415.8961,228955.7357,349205.6039,411181.138,407470.034
1079,428072.1861,400216.5631,342802.0416,326682.4747,140024.9834,433793.5643,554294.5555,116912.0711,103299.1609,574078.1184,457527.7532,432189.8365,115796.0323,561600.0323,433127.6387,568216.961,321050.1189,320824.3105,321959.0766,128812.7924,126511.3571,121388.9828,132706.6167,124631.5709,326241.0852,326538.8537,559782.9708,402933.3494,317251.6251,316885.1407,345113.848,257881.7298,317984.47,437941.752,393094.9857,256236.5641,358021.4805,1567.328294,0,384704.6909,330957.6407,325443.8478,122671.5291,274661.7758,141351.8088,143820.1141,258012.2027,132595.0051,252961.3628,390064.6307,299816.8559,302155.5246,147268.4882,261192.0735,268007.2106,262155.7677,430442.6291,129169.1899,108529.4617,135670.2899,389923.9321,395026.4331,349760.6733,356746.5628,416837.7487,546101.4581,542196.2925,51888.15567,414742.9434,44013.85758,41921.98719,43944.84234,40634.07291,347908.5982,348620.4305,50911.86552,3489.386368,2405.587973,423529.1291,133447.8505,224848.5678,227388.4074,347638.2756,409613.8097,405902.7057
1136,44416.56935,17472.41568,64640.48053,68202.53457,263651.2651,60670.07591,207441.3554,470654.1217,457041.2116,223865.6093,75696.33731,59066.34808,469538.083,214746.8322,49472.02189,221363.7609,108462.7095,69814.22057,74254.81885,482554.8431,480253.4078,475131.0335,486448.6673,478373.6215,102568.1533,83469.37983,212929.7707,19488.55716,112679.066,89468.96324,88158.13722,132012.7866,115360.2992,64818.26361,353957.0424,131056.5212,61268.24843,386272.0192,384704.6909,0,95102.49513,73757.05293,476413.5797,117328.7803,264978.0906,267446.3958,127950.704,486337.0557,131743.3281,5991.992619,103838.1036,106176.7723,270894.7699,133818.2224,121888.1422,128163.3377,57319.14073,482911.2406,462271.5123,489412.3406,350785.9888,17855.56668,54404.52391,60761.72619,377699.8054,182257.7579,177723.905,431576.8116,375605.0002,424124.1625,422383.2456,423633.4982,421864.9889,54386.49901,53447.44477,430881.6208,388194.0773,387110.2789,384391.1858,487189.9012,161682.0069,158440.6809,52333.54484,370475.8664,366764.7625
1144,138469.9904,110614.3673,38844.18565,28579.80527,209904.2149,144191.3685,293358.0403,416907.0715,403294.1614,309782.2943,167925.5574,142587.6407,415791.0328,300663.5172,143525.4429,307280.4459,14472.86225,28358.09527,22246.43171,428807.7929,426506.3576,421383.9833,432701.6171,424626.5713,8578.306097,11841.84132,298846.4557,113331.1536,18689.21874,14562.74111,14436.88594,77148.07031,21370.452,148339.5562,298952.6178,76191.80488,42153.27981,332524.969,330957.6407,95102.49513,0,22044.82495,422666.5296,59809.60694,211231.0404,213699.3456,73085.98771,432590.0055,77996.27791,100462.4349,34722.27742,32663.02524,217147.7197,78813.79782,66534.44698,73158.91316,140840.4334,429164.1904,408524.4621,435665.2904,295781.5642,105424.2373,45802.81736,41266.06488,322695.3809,268174.4428,263640.59,377829.7614,320600.5756,370377.1123,368636.1954,369886.4481,368117.9388,44622.8295,44662.57455,377134.5706,334447.0271,333363.2287,329386.7613,433442.851,107934.9567,104693.6307,43680.41969,315471.4418,311760.3379
1145,117124.5482,89268.92509,17498.74345,6954.946539,204390.422,122845.9263,272012.5981,411393.2786,397780.3685,288436.8521,146580.1152,121242.1985,410277.2399,279318.075,122180.0007,285935.0037,35405.03932,9241.294345,3484.771189,423294,420992.5647,415870.1903,427187.8242,419112.7784,29510.48316,10411.70965,277501.0135,91985.71144,39621.3958,19943.74435,34524.53302,71634.27737,42302.62907,126994.114,293438.8249,70678.01194,32718.18235,327011.1761,325443.8478,73757.05293,22044.82495,0,417152.7366,54295.814,205717.2474,208185.5526,67572.19477,427076.2126,72482.48497,79116.9927,35007.24418,37345.91289,211633.9268,73300.00488,61020.65404,67645.12022,119494.9912,423650.3975,403010.6692,430151.4975,290267.7713,84078.79513,24457.37516,31443.26464,317181.5879,246829.0006,242295.1478,372315.9685,315086.7826,364863.3194,363122.4025,364372.6551,362604.1458,23277.3873,23317.13235,371620.7777,328933.2342,327849.4358,323872.9683,427929.058,102421.1637,99179.83781,22334.97748,309957.6489,306246.5449
1148,519781.075,491925.4519,434510.9304,418391.3635,231733.8722,525502.4531,463139.6376,5759.458027,20971.44555,482923.2005,538530.818,523898.7253,8054.182185,470445.1144,524836.5275,477062.0431,412759.0077,412533.1994,413667.9654,31720.27324,29418.83792,24296.4636,35614.09746,27539.05165,417949.974,418247.7425,468628.0529,494642.2382,408960.5139,408594.0295,436822.7368,349590.6187,409693.3588,529650.6408,484803.8745,347945.4529,449730.3693,121383.6173,122671.5291,476413.5797,422666.5296,417152.7366,0,366370.6646,233060.6977,235529.0029,349721.0915,35502.48586,344670.2516,481773.5195,391525.7447,393864.4135,238977.377,352900.9623,359716.0994,353864.6565,522151.518,32076.67073,14901.62804,38577.77072,481632.8209,486735.3219,441469.5621,448455.4516,508546.6375,454946.5403,451041.3746,100580.6078,506451.8322,93127.95871,91387.04181,92637.29443,90868.78512,439617.487,440329.3193,99885.41696,119461.5593,120265.9411,515238.0179,36355.3313,316557.4566,319097.2963,439347.1644,501322.6985,497611.5945
1198,160696.2756,132840.6525,71654.00776,56022.15773,153608.35,166417.6537,315584.3255,360611.2066,346998.2965,332008.5795,190151.8426,164813.9259,359495.1679,322889.8024,165751.7281,329506.7311,49620.9857,49746.13087,50811.04281,372511.928,370210.4927,365088.1184,376405.7522,368330.7064,54811.95204,55390.81991,321072.7409,135557.4388,45822.4919,45737.10688,73965.81422,18113.58511,46555.3368,170565.8414,239143.0109,20879.78772,86873.44667,276229.1041,274661.7758,117328.7803,59809.60694,54295.814,366370.6646,0,154935.1754,157403.4807,19179.46735,376294.1406,23878.93303,122688.7201,28387.72277,30726.39148,160851.8548,19004.19088,6724.840038,13349.30622,163066.7186,372868.3255,352228.5972,379369.4255,235971.9573,127650.5225,78612.63947,85598.52896,262885.7739,290400.7281,285866.8752,321533.8965,260790.9686,314081.2474,312340.3305,313590.5831,311822.0738,76968.444,77472.39666,320838.7057,278151.1622,277067.3638,269577.1543,377146.9861,50936.34335,47695.01742,76490.2418,255661.8349,251950.7309
1237,308345.5858,280489.9627,223075.4412,206955.8743,3425.815128,314066.964,463233.6358,227301.2396,213688.3295,479657.8897,337801.1528,312463.2361,226185.2009,470539.1126,313401.0383,477156.0413,201323.5185,201097.7102,202232.4762,239201.961,236900.5257,231778.1514,243095.7852,235020.7394,206514.4848,206812.2533,468722.0511,283206.7491,197525.0247,197158.5403,225387.2477,138155.1295,198257.8696,318215.1517,273368.3853,136509.9637,238294.8801,142919.1371,141351.8088,264978.0906,211231.0404,205717.2474,233060.6977,154935.1754,0,3522.427811,138285.6023,242984.1736,133234.7625,270338.0303,180090.2556,182428.9243,6619.427778,141465.4732,148280.6103,142429.1673,310716.0288,239558.3585,218918.6303,246059.4585,270197.3317,275299.8328,230034.0729,237019.9624,297111.1483,438050.0383,433516.1854,188223.9295,295016.3431,180771.2805,179030.3636,180280.6162,178512.1069,228181.9979,228893.8301,187528.7387,144841.1952,143757.3968,303802.5287,243837.0191,105121.9674,107661.8071,227911.6752,289887.2093,286176.1054
1238,310813.891,282958.2679,225543.7464,209424.1796,4427.183527,316535.2692,465701.941,229769.5448,216156.6347,482126.1949,340269.458,314931.5413,228653.5061,473007.4178,315869.3435,479624.3465,203791.8237,203566.0154,204700.7815,241670.2662,239368.8309,234246.4566,245564.0904,237489.0446,208982.79,209280.5586,471190.3563,285675.0543,199993.3299,199626.8455,227855.5529,140623.4347,200726.1748,320683.4569,275836.6905,138978.2689,240763.1853,145387.4423,143820.1141,267446.3958,213699.3456,208185.5526,235529.0029,157403.4807,3522.427811,0,140753.9076,245452.4789,135703.0677,272806.3355,182558.5608,184897.2295,3588.923848,143933.7784,150748.9155,144897.4725,313184.334,242026.6637,221386.9355,248527.7637,272665.6369,277768.138,232502.3781,239488.2676,299579.4535,440518.3435,435984.4906,190692.2347,297484.6483,183239.5857,181498.6688,182748.9214,180980.4121,230650.3031,231362.1353,189997.0439,147309.5004,146225.702,306270.8339,246305.3243,107590.2726,110130.1123,230379.9804,292355.5145,288644.4106
1288,171318.1993,143462.5762,84930.38853,68810.82168,136958.7769,177039.5774,326206.2492,343961.6335,330348.7234,342630.5032,200773.7663,175435.8496,342845.5948,333511.726,176373.6518,340128.6548,63389.29035,62952.65751,64087.42358,355862.3549,353560.9196,348438.5453,359756.1791,351681.1333,68580.25669,68667.20068,331694.6646,146179.3625,59590.79655,59013.48765,87242.19499,8741.478224,60323.64145,181187.7651,236834.5705,3594.375403,100149.8274,259579.531,258012.2027,127950.704,73085.98771,67572.19477,349721.0915,19179.46735,138285.6023,140753.9076,0,359644.5675,5050.839882,133310.6438,42156.02742,44494.69613,144202.2817,19126.42681,15393.97011,15276.87674,173688.6422,356218.7524,335579.0241,362719.8524,233663.5169,138272.4462,91889.02024,98874.90973,260577.3335,301022.6517,296488.7989,304884.3234,258482.5283,297431.6743,295690.7574,296941.01,295172.5007,90036.94519,90748.77743,304189.1326,261501.5891,260417.7907,267268.714,360497.413,34989.51865,31748.19272,89766.62257,253353.3945,249642.2906
1291,529704.5509,501848.9279,444434.4064,428314.8395,241657.3482,535425.9291,457662.5259,29743.02783,44620.40897,477446.0889,533053.7063,533822.2013,31284.0208,464968.0028,534760.0035,471584.9315,422682.4837,422456.6753,423591.4414,4617.953098,6223.356203,11206.02226,11735.58513,8663.242702,427873.45,428171.2185,463150.9413,504565.7142,418883.9899,418517.5055,446746.2128,359514.0946,419616.8348,539574.1168,494727.3505,357868.9289,459653.8453,131307.0933,132595.0051,486337.0557,432590.0055,427076.2126,35502.48586,376294.1406,242984.1736,245452.4789,359644.5675,0,354593.7276,491696.9955,401449.2207,403787.8894,248900.853,362824.4383,369639.5754,363788.1325,532074.9939,3425.815128,38550.59146,3075.284858,491556.2969,496658.7979,451393.0381,458378.9276,518470.1135,449469.4286,445564.2629,110504.0837,516375.3082,103051.4347,101310.5178,102560.7704,100792.2611,449540.963,450252.7953,109808.8929,129385.0352,130189.4171,525161.4939,12476.81898,326480.9326,329020.7722,449270.6404,511246.1745,507535.0705
1293,175110.8233,147255.2002,89840.67873,73721.11188,131907.937,180832.2015,329998.8733,338910.7936,325297.8835,346423.1272,204566.3904,179228.4737,337794.7549,337304.3501,180166.2759,343921.2788,68088.75603,67862.94771,68997.71378,350811.515,348510.0797,343387.7054,354705.3392,346630.2934,73279.72237,73577.49088,335487.2886,149971.9866,64290.26223,63923.77785,92152.48519,9258.059642,65023.10713,184980.3892,233879.3547,3696.850273,105060.1176,254528.6911,252961.3628,131743.3281,77996.27791,72482.48497,344670.2516,23878.93303,133234.7625,135703.0677,5050.839882,354593.7276,0,137103.2679,46855.4931,49194.16181,139151.4418,19989.76977,18556.64485,17530.61136,177481.2663,351167.9125,330528.1842,357669.0125,230708.3011,142065.0703,96799.31044,103785.1999,257622.1177,304815.2758,300281.4229,299833.4835,255527.3124,292380.8344,290639.9175,291890.1702,290121.6609,94947.2354,95659.06764,299138.2927,256450.7492,255366.9508,264313.4981,355446.5731,29938.67877,26697.35284,94676.91277,250398.1786,246687.0747
1300,38565.12641,11620.97274,70000.4203,73562.47434,269011.2049,54818.63297,201589.9124,476014.0615,462401.1513,218014.1664,69844.89437,53214.90514,474898.0228,208895.3892,43620.57895,215512.318,113822.6493,75174.16033,79614.75862,487914.7829,485613.3475,480490.9732,491808.6071,483733.5613,107928.0931,88829.3196,207078.3278,13637.11422,118039.0058,94828.90301,93518.07698,137372.7264,120720.239,58966.82067,359316.9822,136416.461,66628.18819,391631.959,390064.6307,5991.992619,100462.4349,79116.9927,481773.5195,122688.7201,270338.0303,272806.3355,133310.6438,491696.9955,137103.2679,0,109198.0434,111536.7121,276254.7097,139178.1622,127248.082,133523.2775,51467.69779,488271.1804,467631.4521,494772.2803,356145.9286,12004.12374,59764.46367,66121.66595,383059.7452,176406.3149,171872.4621,436936.7513,380964.9399,429484.1023,427743.1854,428993.438,427224.9287,59746.43877,58807.38453,436241.5605,393554.0171,392470.2187,389751.1256,492549.8409,167041.9466,163800.6207,57693.4846,375835.8062,372124.7022
1335,147205.5988,119349.9758,51946.31314,40921.06468,178763.4301,152926.977,302093.6488,385766.2867,372153.3766,318517.9027,176661.1659,151323.2492,384650.248,309399.1256,152261.0514,316016.0544,21652.38774,35626.76695,32570.28499,397667.0081,395365.5728,390243.1985,401560.8323,393485.7865,26843.35407,34984.58395,307582.0641,122066.7621,17853.89393,25330.87092,47683.81242,45726.18614,18586.73883,157075.1647,267530.7337,44769.92071,67165.75205,301384.1842,299816.8559,103838.1036,34722.27742,35007.24418,391525.7447,28387.72277,180090.2556,182558.5608,42156.02742,401449.2207,46855.4931,109198.0434,0,2338.668711,186006.9349,47391.91365,35112.56281,41737.02899,149576.0418,398023.4056,377383.6773,404524.5056,264359.6801,114159.8458,58904.94485,65890.83434,291273.4967,276910.0513,272376.1985,346688.9766,289178.6914,339236.3275,337495.4106,338745.6633,336977.154,57724.957,57764.70204,345993.7858,303306.2423,302222.4439,297964.8771,402302.0662,76794.17187,73552.84594,56782.54718,284049.5576,280338.4537
1336,149544.2676,121688.6445,54284.98185,43259.73339,181102.0988,155265.6457,304432.3175,388104.9554,374492.0453,320856.5715,178999.8346,153661.9179,386988.9167,311737.7943,154599.7201,318354.7231,19593.13556,37965.43566,34908.9537,400005.6768,397704.2415,392581.8672,403899.501,395824.4552,24784.1019,37323.25266,309920.7329,124405.4308,15794.64175,27669.53963,45624.56024,48064.85485,16527.48665,159413.8334,269869.4024,47108.58942,69504.42076,303722.8529,302155.5246,106176.7723,32663.02524,37345.91289,393864.4135,30726.39148,182428.9243,184897.2295,44494.69613,403787.8894,49194.16181,111536.7121,2338.668711,0,188345.6037,49730.58236,37451.23152,44075.6977,151914.7105,400362.0743,379722.3461,406863.1743,266698.3488,116498.5145,61243.61356,68229.50305,293612.1654,279248.72,274714.8672,349027.6453,291517.3601,341574.9962,339834.0794,341084.332,339315.8227,60063.62571,60103.37075,348332.4545,305644.911,304561.1126,300303.5458,404640.7349,79132.84058,75891.51465,59121.21589,286388.2264,282677.1224
1338,314262.2652,286406.6421,228992.1206,212872.5537,7875.557695,319983.6433,469150.3151,233217.919,219605.0089,485574.5691,343717.8322,318379.9155,232101.8803,476455.7919,319317.7177,483072.7207,207240.1979,207014.3896,208149.1556,245118.6404,242817.2051,237694.8308,249012.4646,240937.4188,212431.1642,212728.9327,474638.7305,289123.4284,203441.7041,203075.2197,231303.927,144071.8089,204174.549,324131.831,279285.0647,142426.6431,244211.5595,148835.8165,147268.4882,270894.7699,217147.7197,211633.9268,238977.377,160851.8548,6619.427778,3588.923848,144202.2817,248900.853,139151.4418,276254.7097,186006.9349,188345.6037,0,147382.1525,154197.2896,148345.8467,316632.7082,245475.0379,224835.3096,251976.1379,276114.0111,281216.5121,235950.7523,242936.6418,303027.8277,443966.7176,439432.8648,194140.6089,300933.0224,186687.9598,184947.0429,186197.2955,184428.7862,234098.6772,234810.5095,193445.4181,150757.8746,149674.0762,309719.2081,249753.6985,111038.6468,113578.4864,233828.3546,295803.8887,292092.7847
1350,177185.7176,149330.0946,90658.19864,74538.63179,140138.6477,182907.0958,332073.7676,347141.5043,333528.5942,348498.0215,206641.2847,181303.368,346025.4656,339379.2444,182241.1702,345996.1731,68625.17658,68680.46762,69815.23369,359042.2257,356740.7904,351618.4161,362936.0499,354861.0041,73816.14292,74395.01079,337562.1829,152046.8809,64826.68278,64741.29776,92970.0051,10731.71012,65559.52768,187055.2835,221392.0126,17131.1691,105877.6376,262759.4018,261192.0735,133818.2224,78813.79782,73300.00488,352900.9623,19004.19088,141465.4732,143933.7784,19126.42681,362824.4383,19989.76977,139178.1622,47391.91365,49730.58236,147382.1525,0,12279.35084,5654.884662,179556.1606,359398.6232,338758.8949,365899.7232,218220.9589,144139.9646,97616.83036,104602.7198,245134.7756,306890.1701,302356.3173,308064.1942,243039.9703,300611.5451,298870.6282,300120.8809,298352.3715,95764.75531,96476.58755,307369.0034,264681.4599,263597.6615,251826.156,363677.2838,37466.64107,34225.31513,95494.43268,237910.8365,234199.7326
1351,165255.6375,137400.0144,78378.8478,62259.28095,146953.7848,170977.0156,320143.6874,353956.6414,340343.7313,336567.9414,194711.2045,169373.2878,352840.6027,327449.1642,170311.09,334066.093,56345.82574,56401.11678,57535.88285,365857.3628,363555.9275,358433.5532,369751.187,361676.1412,61536.79208,62115.65995,325632.1028,140116.8007,52547.33194,52461.94692,80690.65426,12302.318,53280.17684,175125.2033,232418.1709,15068.5206,93598.28671,269574.5389,268007.2106,121888.1422,66534.44698,61020.65404,359716.0994,6724.840038,148280.6103,150748.9155,15393.97011,369639.5754,18556.64485,127248.082,35112.56281,37451.23152,154197.2896,12279.35084,0,6624.466182,167626.0805,366213.7603,345574.032,372714.8603,229247.1173,132209.8844,85337.47951,92323.369,256160.9339,294960.0899,290426.2371,314879.3313,254066.1286,307426.6822,305685.7653,306936.0179,305167.5086,83485.40446,84197.2367,314184.1405,271496.597,270412.7986,262852.3143,370492.4209,44281.77815,41040.45222,83215.08184,248936.9948,245225.8909
1382,171530.833,143675.2099,85003.31398,68883.74713,141102.3418,177252.2111,326418.883,348105.1985,334492.2883,342843.1369,200986.4,175648.4833,346989.1597,333724.3598,176586.2855,340341.2885,62970.29192,63025.58296,64160.34903,360005.9199,357704.4845,352582.1102,363899.7441,355824.6983,68161.25826,68740.12613,331907.2983,146391.9963,59171.79812,59086.4131,87315.12044,8272.551719,59904.64302,181400.3988,225793.7047,14392.59416,100222.7529,263723.096,262155.7677,128163.3377,73158.91316,67645.12022,353864.6565,13349.30622,142429.1673,144897.4725,15276.87674,363788.1325,17530.61136,133523.2775,41737.02899,44075.6977,148345.8467,5654.884662,6624.466182,0,173901.276,360362.3173,339722.5891,366863.4173,222622.6511,138485.0799,91961.94569,98947.83518,249536.4677,301235.2855,296701.4326,309027.8883,247441.6624,301575.2393,299834.3224,301084.575,299316.0657,90109.87064,90821.70288,308332.6975,265645.154,264561.3557,256227.8481,364640.9779,38430.33521,35189.00928,89839.54802,242312.5287,238601.4247
1401,30113.67394,43987.0457,110378.4188,113940.4728,309389.2033,3840.755532,154269.0491,516392.0599,502779.1498,170693.303,27225.67374,2237.027698,515276.0212,161574.5259,22315.44443,168191.4546,154200.6477,115552.1588,119992.7571,528292.7813,525991.346,520868.9717,532186.6055,524111.5597,148306.0916,129207.3181,159757.4644,41059.43483,158417.0042,135206.9015,133896.0754,177750.7249,161098.2375,7639.672562,399694.9807,176794.4594,107006.1867,432009.9574,430442.6291,57319.14073,140840.4334,119494.9912,522151.518,163066.7186,310716.0288,313184.334,173688.6422,532074.9939,177481.2663,51467.69779,149576.0418,151914.7105,316632.7082,179556.1606,167626.0805,173901.276,0,528649.1788,508009.4505,535150.2788,396523.927,39812.84472,100142.4621,106499.6644,423437.7437,129085.4516,124551.5987,477314.7498,421342.9384,469862.1007,468121.1838,469371.4365,467602.9272,100124.4372,99185.38299,476619.559,433932.0155,432848.2171,430129.1241,532927.8394,207419.9451,204178.6191,98071.48306,416213.8046,412502.7007
1472,526278.7358,498423.1128,441008.5912,424889.0244,238231.5331,532000.114,454236.7108,26317.2127,41194.59384,474020.2738,529627.8912,530396.3862,27858.20567,461542.1876,531334.1884,468159.1164,419256.6685,419030.8602,420165.6263,2164.241211,2797.541075,7780.207131,9281.873245,5237.427574,424447.6349,424745.4034,459725.1261,501139.8991,415458.1747,415091.6904,443320.3977,356088.2795,416191.0196,536148.3017,491301.5354,354443.1137,456228.0301,127881.2782,129169.1899,482911.2406,429164.1904,423650.3975,32076.67073,372868.3255,239558.3585,242026.6637,356218.7524,3425.815128,351167.9125,488271.1804,398023.4056,400362.0743,245475.0379,359398.6232,366213.7603,360362.3173,528649.1788,0,35124.77633,6501.099986,488130.4818,493232.9828,447967.2229,454953.1124,515044.2984,446043.6135,442138.4478,107078.2686,512949.4931,99625.61956,97884.70266,99134.95528,97366.44597,446115.1479,446826.9801,106383.0778,125959.2201,126763.602,521735.6788,10023.10709,323055.1175,325594.9571,445844.8253,507820.3593,504109.2554
1507,505639.0076,477783.3845,420368.863,404249.2961,217591.8048,511360.3857,466187.7432,10474.02633,6069.81751,485971.3061,535094.5746,509756.6579,7266.57066,473493.22,510694.4601,480110.1487,398616.9403,398391.1319,399525.898,34768.37884,32466.94352,27344.5692,38662.20306,30587.15725,403807.9066,404105.6751,471676.1585,480500.1708,394818.4465,394451.9621,422680.6694,335448.5512,395551.2914,515508.5734,470661.8071,333803.3855,435588.3019,107241.5499,108529.4617,462271.5123,408524.4621,403010.6692,14901.62804,352228.5972,218918.6303,221386.9355,335579.0241,38550.59146,330528.1842,467631.4521,377383.6773,379722.3461,224835.3096,338758.8949,345574.032,339722.5891,508009.4505,35124.77633,0,41625.87632,467490.7535,472593.2545,427327.4947,434313.3842,494404.5701,457994.6459,454089.4802,86438.54035,492309.7648,78985.8913,77244.9744,78495.22702,76726.71771,425475.4196,426187.2519,85743.34955,105319.4918,106123.8737,501095.9505,39403.4369,302415.3892,304955.2288,425205.097,487180.6311,483469.5271
1537,532779.8358,504924.2127,447509.6912,431390.1244,244732.633,538501.214,460737.8108,32818.31269,47695.69383,480521.3737,536128.9912,536897.4861,34359.30566,468043.2876,537835.2883,474660.2163,425757.7685,425531.9602,426666.7263,7276.622282,9298.641061,14281.30712,14394.25432,11738.52756,430948.7349,431246.5034,466226.2261,507640.9991,421959.2747,421592.7903,449821.4977,362589.3795,422692.1196,542649.4017,497802.6353,360944.2137,462729.1301,134382.3782,135670.2899,489412.3406,435665.2904,430151.4975,38577.77072,379369.4255,246059.4585,248527.7637,362719.8524,3075.284858,357669.0125,494772.2803,404524.5056,406863.1743,251976.1379,365899.7232,372714.8603,366863.4173,535150.2788,6501.099986,41625.87632,0,494631.5817,499734.0828,454468.3229,461454.2124,521545.3984,452544.7135,448639.5478,113579.3686,519450.5931,106126.7195,104385.8026,105636.0553,103867.546,452616.2479,453328.0801,112884.1778,132460.3201,133264.702,528236.7788,15135.48816,329556.2174,332096.0571,452345.9253,514321.4593,510610.3554
1580,394153.484,366297.861,307625.9651,291506.3982,268870.5063,399874.8622,549041.534,475873.3629,462260.4527,565465.788,423609.0511,398271.1344,474757.3241,556347.0108,399208.9366,562963.9396,285592.943,285648.234,286783.0001,487774.0843,485472.6489,480350.2746,491667.9085,483592.8627,290783.9093,291362.7772,554529.9494,369014.6473,281794.4492,281709.0642,309937.7715,225338.6544,282527.2941,404023.0499,3171.05361,230627.1382,322845.404,391491.2604,389923.9321,350785.9888,295781.5642,290267.7713,481632.8209,235971.9573,270197.3317,272665.6369,233663.5169,491556.2969,230708.3011,356145.9286,264359.6801,266698.3488,276114.0111,218220.9589,229247.1173,222622.6511,396523.927,488130.4818,467490.7535,494631.5817,0,361107.731,314584.5968,321570.4863,33323.27388,523857.9365,519324.0837,436796.0527,31228.46861,429343.4037,427602.4868,428852.7394,427084.2301,312732.5217,313444.354,436100.8619,393413.3184,392329.5201,40014.65428,492409.1423,210480.1883,213371.4021,312462.1991,26654.8224,22943.71848
1581,33045.75303,5190.129962,74962.22273,78524.27677,273973.0073,43163.7799,192330.4517,480975.8639,467362.9538,208754.7056,64325.52098,41560.05206,479859.8252,199635.9285,38101.20557,206252.8572,118784.4517,80135.96277,84576.56105,492876.5853,490575.15,485452.7757,496770.4095,488695.3637,112889.8955,93791.12203,197818.867,7906.916312,123000.8082,99790.70544,98479.87942,142334.5288,125682.0414,47311.9676,364278.7846,141378.2634,71589.99063,396593.7614,395026.4331,17855.56668,105424.2373,84078.79513,486735.3219,127650.5225,275299.8328,277768.138,138272.4462,496658.7979,142065.0703,12004.12374,114159.8458,116498.5145,281216.5121,144139.9646,132209.8844,138485.0799,39812.84472,493232.9828,472593.2545,499734.0828,361107.731,0,64726.26611,71083.46839,388021.5476,167146.8542,162613.0013,441898.5538,385926.7424,434445.9047,432704.9878,433955.2404,432186.7311,64708.24121,63769.18697,441203.363,398515.8195,397432.0211,394712.928,497511.6434,172003.7491,168762.4231,62655.28704,380797.6086,377086.5047
1586,97772.01913,69916.39607,14497.50467,26380.69535,228707.2474,103493.3973,252660.0691,435710.1041,422097.1939,269084.323,127227.5862,101889.6695,434594.0653,259965.5459,102827.4717,266582.4746,59163.03172,30902.37544,27801.59667,447610.8255,445309.3901,440187.0158,451504.6497,443429.6039,53268.47557,34169.70206,258148.4844,72633.18242,63379.38821,43841.44502,34382.30052,95951.10285,66060.62147,107641.585,317755.6504,94994.83742,8260.807197,351328.0016,349760.6733,54404.52391,45802.81736,24457.37516,441469.5621,78612.63947,230034.0729,232502.3781,91889.02024,451393.0381,96799.31044,59764.46367,58904.94485,61243.61356,235950.7523,97616.83036,85337.47951,91961.94569,100142.4621,447967.2229,427327.4947,454468.3229,314584.5968,64726.26611,0,6985.889486,341498.4134,227476.4716,222942.6188,396632.7939,339403.6081,389180.1449,387439.228,388689.4806,386920.9713,7888.980007,7928.72505,395937.6031,353250.0596,352166.2613,348189.7938,452245.8835,126737.9892,123496.6633,6807.698295,334274.4743,330563.3704
1618,104129.2214,76273.59835,21483.39416,33366.58484,235693.1369,109850.5996,259017.2714,442695.9936,429083.0834,275441.5253,133584.7885,108246.8718,441579.9548,266322.7482,109184.674,272939.6769,54263.57619,37888.26492,34787.48615,454596.7149,452295.2796,447172.9053,458490.5392,450415.4934,48369.02004,41155.59154,264505.6867,78990.3847,58479.93268,50827.33451,27813.0267,102936.9923,61161.16594,113998.7873,324741.5399,101980.7269,7713.292906,358313.8911,356746.5628,60761.72619,41266.06488,31443.26464,448455.4516,85598.52896,237019.9624,239488.2676,98874.90973,458378.9276,103785.1999,66121.66595,65890.83434,68229.50305,242936.6418,104602.7198,92323.369,98947.83518,106499.6644,454953.1124,434313.3842,461454.2124,321570.4863,71083.46839,6985.889486,0,348484.3029,233833.6739,229299.821,403618.6834,346389.4976,396166.0344,394425.1175,395675.3701,393906.8608,14595.45296,14635.198,402923.4926,360235.9491,359152.1507,355175.6833,459231.773,133723.8787,130482.5528,13514.17125,341260.3638,337549.2599
1691,421067.3007,393211.6776,334539.7817,318420.2148,295784.3229,426788.6788,575955.3506,502787.1795,489174.2694,592379.6046,450522.8677,425184.951,501671.1408,583260.8275,426122.7532,589877.7562,312506.7596,312562.0507,313696.8167,514687.9009,512386.4656,507264.0912,518581.7251,510506.6793,317697.726,318276.5938,581443.766,395928.4639,308708.2658,308622.8808,336851.5881,252252.471,309441.1107,430936.8665,36494.32749,257540.9548,349759.2206,418405.077,416837.7487,377699.8054,322695.3809,317181.5879,508546.6375,262885.7739,297111.1483,299579.4535,260577.3335,518470.1135,257622.1177,383059.7452,291273.4967,293612.1654,303027.8277,245134.7756,256160.9339,249536.4677,423437.7437,515044.2984,494404.5701,521545.3984,33323.27388,388021.5476,341498.4134,348484.3029,0,550771.7532,546237.9003,463709.8694,2094.805266,456257.2203,454516.3034,455766.556,453998.0467,339646.3383,340358.1706,463014.6786,420327.1351,419243.3367,6691.380407,519322.9589,237394.0049,240285.2188,339376.0157,32849.32408,29138.22016
1697,140716.1464,165907.6361,237712.4282,241274.4823,436723.2128,125943.2374,26025.63346,449187.0822,464064.4634,41817.41382,111721.4465,127756.5277,450728.0752,33331.11027,136636.1375,39948.03899,281534.6572,242886.1683,247326.7666,445687.216,443385.7807,439241.3642,449581.0402,441855.2651,275640.1011,256541.3275,31514.04878,162980.0252,285751.0137,262540.911,261230.0849,305084.7343,288432.247,123057.8983,527028.9901,304128.4689,234340.1961,544813.5464,546101.4581,182257.7579,268174.4428,246829.0006,454946.5403,290400.7281,438050.0383,440518.3435,301022.6517,449469.4286,304815.2758,176406.3149,276910.0513,279248.72,443966.7176,306890.1701,294960.0899,301235.2855,129085.4516,446043.6135,457994.6459,452544.7135,523857.9365,167146.8542,227476.4716,233833.6739,550771.7532,0,4533.85287,524010.5368,548676.9479,516557.8877,514816.9708,516067.2235,514298.7141,227458.4467,226519.3925,523315.346,542891.4883,543695.8701,557463.1336,448794.6984,334753.9546,331512.6286,225405.4926,543547.8141,539836.7102
1698,136182.2935,161373.7832,233178.5754,236740.6294,432189.3599,121409.3845,29717.45036,445281.9166,460159.2977,46141.70429,107187.5936,123222.6748,446822.9095,37022.92717,132102.2847,43639.8559,277000.8043,238352.3154,242792.9137,441782.0503,439480.615,435336.1986,445675.8745,437950.0994,271106.2482,252007.4747,35205.86569,158446.1724,281217.1608,258007.0581,256696.2321,300550.8815,283898.3941,118524.0455,522495.1373,299594.616,229806.3433,540908.3807,542196.2925,177723.905,263640.59,242295.1478,451041.3746,285866.8752,433516.1854,435984.4906,296488.7989,445564.2629,300281.4229,171872.4621,272376.1985,274714.8672,439432.8648,302356.3173,290426.2371,296701.4326,124551.5987,442138.4478,454089.4802,448639.5478,519324.0837,162613.0013,222942.6188,229299.821,546237.9003,4533.85287,0,520105.3711,544143.095,512652.7221,510911.8052,512162.0578,510393.5485,222924.5939,221985.5396,519410.1803,538986.3226,539790.7045,552929.2807,444889.5327,330220.1017,326978.7758,220871.6397,539013.9612,535302.8573
1700,474944.3068,447088.6837,389674.1622,373554.5954,186897.104,480665.685,532203.6341,94821.14973,81208.2396,551987.1971,504399.8739,479061.9571,93705.11101,539509.1109,479999.7593,546126.0397,367922.2395,367696.4312,368831.1973,106721.8711,104420.4358,99298.06148,110615.6953,102540.6495,373113.2059,373410.9744,537692.0494,449805.4701,364123.7457,363757.2613,391985.9687,304753.8505,364856.5906,484813.8727,439967.1063,303108.6847,404893.6011,50600.24392,51888.15567,431576.8116,377829.7614,372315.9685,100580.6078,321533.8965,188223.9295,190692.2347,304884.3234,110504.0837,299833.4835,436936.7513,346688.9766,349027.6453,194140.6089,308064.1942,314879.3313,309027.8883,477314.7498,107078.2686,86438.54035,113579.3686,436796.0527,441898.5538,396632.7939,403618.6834,463709.8694,524010.5368,520105.3711,0,461615.0641,7874.298094,9966.168488,8013.588173,11743.0617,394780.7189,395492.5511,976.2901573,48678.18584,49482.5677,470401.2498,111356.9292,271720.6884,274260.5281,394510.3963,456485.9303,452774.8264
1702,418972.4954,391116.8723,332444.9764,316325.4096,293689.5176,424693.8736,573860.5454,500692.3742,487079.4641,590284.7993,448428.0625,423090.1457,499576.3355,581166.0222,424027.9479,587782.9509,310411.9544,310467.2454,311602.0115,512593.0956,510291.6603,505169.286,516486.9198,508411.874,315602.9207,316181.7886,579348.9607,393833.6587,306613.4605,306528.0755,334756.7829,250157.6657,307346.3054,428842.0613,34399.52222,255446.1496,347664.4153,416310.2717,414742.9434,375605.0002,320600.5756,315086.7826,506451.8322,260790.9686,295016.3431,297484.6483,258482.5283,516375.3082,255527.3124,380964.9399,289178.6914,291517.3601,300933.0224,243039.9703,254066.1286,247441.6624,421342.9384,512949.4931,492309.7648,519450.5931,31228.46861,385926.7424,339403.6081,346389.4976,2094.805266,548676.9479,544143.095,461615.0641,0,454162.415,452421.4981,453671.7508,451903.2414,337551.5331,338263.3653,460919.8733,418232.3298,417148.5314,8786.185672,517228.1537,235299.1996,238190.4135,337281.2104,30754.51881,27043.41489
1705,467491.6578,439636.0347,382221.5132,366101.9463,179444.455,473213.0359,524750.9851,87368.50068,73755.59055,544534.548,496947.2248,471609.3081,86252.46196,532056.4619,472547.1103,538673.3906,360469.5905,360243.7821,361378.5482,99269.22207,96967.78675,91845.41243,103163.0463,95088.00048,365660.5568,365958.3253,530239.4004,442352.821,356671.0967,356304.6123,384533.3196,297301.2014,357403.9416,477361.2236,432514.4573,295656.0357,397440.9521,42725.94582,44013.85758,424124.1625,370377.1123,364863.3194,93127.95871,314081.2474,180771.2805,183239.5857,297431.6743,103051.4347,292380.8344,429484.1023,339236.3275,341574.9962,186687.9598,300611.5451,307426.6822,301575.2393,469862.1007,99625.61956,78985.8913,106126.7195,429343.4037,434445.9047,389180.1449,396166.0344,456257.2203,516557.8877,512652.7221,7874.298094,454162.415,0,2091.870394,1397.095267,3868.763608,387328.0698,388039.9021,6898.007936,40803.88775,41608.26961,462948.6007,103904.2801,264268.0394,266807.879,387057.7472,449033.2813,445322.1773
1738,465750.7409,437895.1178,380480.5963,364361.0294,177703.5381,471472.119,523010.0682,85627.58378,72014.67365,542793.6311,495206.3079,469868.3912,84511.54506,530315.545,470806.1934,536932.4737,358728.6736,358502.8652,359637.6313,97528.30517,95226.86985,90104.49553,101422.1294,93347.08358,363919.6399,364217.4084,528498.4835,440611.9041,354930.1798,354563.6954,382792.4027,295560.2845,355663.0247,475620.3067,430773.5404,293915.1188,395700.0352,40634.07543,41921.98719,422383.2456,368636.1954,363122.4025,91387.04181,312340.3305,179030.3636,181498.6688,295690.7574,101310.5178,290639.9175,427743.1854,337495.4106,339834.0794,184947.0429,298870.6282,305685.7653,299834.3224,468121.1838,97884.70266,77244.9744,104385.8026,427602.4868,432704.9878,387439.228,394425.1175,454516.3034,514816.9708,510911.8052,9966.168488,452421.4981,2091.870394,0,2022.855155,1776.893214,385587.1529,386298.9852,8989.878331,38712.01735,39516.39921,461207.6838,102163.3632,262527.1225,265066.9621,385316.8303,447292.3644,443581.2604
1762,467000.9935,439145.3704,381730.8489,365611.282,178953.7907,472722.3717,524260.3208,86877.8364,73264.92627,544043.8837,496456.5605,471118.6438,85761.79768,531565.7976,472056.446,538182.7263,359978.9262,359753.1179,360887.8839,98778.55779,96477.12247,91354.74815,102672.382,94597.3362,365169.8925,365467.661,529748.7361,441862.1568,356180.4324,355813.948,384042.6553,296810.5372,356913.2773,476870.5593,432023.793,295165.3714,396950.2878,42656.93058,43944.84234,423633.4982,369886.4481,364372.6551,92637.29443,313590.5831,180280.6162,182748.9214,296941.01,102560.7704,291890.1702,428993.438,338745.6633,341084.332,186197.2955,300120.8809,306936.0179,301084.575,469371.4365,99134.95528,78495.22702,105636.0553,428852.7394,433955.2404,388689.4806,395675.3701,455766.556,516067.2235,512162.0578,8013.588173,453671.7508,1397.095267,2022.855155,0,3799.748369,386837.4056,387549.2378,7318.397377,40734.87251,41539.25437,462457.9364,103413.6159,263777.3751,266317.2148,386567.0829,448542.617,444831.5131
1789,465232.4842,437376.8611,379962.3396,363842.7727,177185.2814,470953.8623,522491.8115,85109.32709,71496.41696,542275.3744,494688.0512,469350.1345,83993.28837,529797.2883,470287.9367,536414.217,358210.4169,357984.6086,359119.3746,97010.04848,94708.61317,89586.23884,100903.8727,92828.82689,363401.3832,363699.1517,527980.2268,440093.6474,354411.9231,354045.4387,382274.146,295042.0279,355144.768,475102.05,430255.2837,293396.8621,395181.7785,39346.16115,40634.07291,421864.9889,368117.9388,362604.1458,90868.78512,311822.0738,178512.1069,180980.4121,295172.5007,100792.2611,290121.6609,427224.9287,336977.154,339315.8227,184428.7862,298352.3715,305167.5086,299316.0657,467602.9272,97366.44597,76726.71771,103867.546,427084.2301,432186.7311,386920.9713,393906.8608,453998.0467,514298.7141,510393.5485,11743.0617,451903.2414,3868.763608,1776.893214,3799.748369,0,385068.8962,385780.7285,10766.77154,37424.10308,38228.48494,460689.4271,101645.1065,262008.8658,264548.7055,384798.5736,446774.1077,443063.0038
1825,97753.99423,69898.37117,14160.8149,21366.6732,226855.1724,103475.3724,252642.0442,433858.029,420245.1189,269066.2981,127209.5613,101871.6446,432741.9903,259947.521,102809.4468,266564.4498,57983.04387,28061.82485,26621.60881,445758.7504,443457.3151,438334.9408,449652.5746,441577.5288,52088.48772,32989.71421,258130.4595,72615.15752,62199.40036,42661.45717,41991.86399,94099.0278,64880.63362,107623.5601,315903.5753,93142.76237,15870.37067,349475.9265,347908.5982,54386.49901,44622.8295,23277.3873,439617.487,76968.444,228181.9979,230650.3031,90036.94519,449540.963,94947.2354,59746.43877,57724.957,60063.62571,234098.6772,95764.75531,83485.40446,90109.87064,100124.4372,446115.1479,425475.4196,452616.2479,312732.5217,64708.24121,7888.980007,14595.45296,339646.3383,227458.4467,222924.5939,394780.7189,337551.5331,387328.0698,385587.1529,386837.4056,385068.8962,0,1360.282577,394085.5281,351397.9846,350314.1862,346337.7187,450393.8085,124885.9142,121644.5882,2404.328372,332422.3993,328711.2954
1839,96814.93999,68959.31693,14200.55995,22235.03189,227567.0046,102536.3182,251702.99,434569.8613,420956.9511,268127.2439,126270.5071,100932.5903,433453.8225,259008.4668,101870.3925,265625.3955,58022.78891,28930.18354,26661.35386,446470.5826,444169.1473,439046.773,450364.4069,442289.3611,52128.23276,33029.45925,257191.4053,71676.10328,62239.1454,42701.20221,42031.60903,94810.86004,64920.37866,106684.5059,316615.4076,93854.59461,15700.55331,350187.7588,348620.4305,53447.44477,44662.57455,23317.13235,440329.3193,77472.39666,228893.8301,231362.1353,90748.77743,450252.7953,95659.06764,58807.38453,57764.70204,60103.37075,234810.5095,96476.58755,84197.2367,90821.70288,99185.38299,446826.9801,426187.2519,453328.0801,313444.354,63769.18697,7928.72505,14635.198,340358.1706,226519.3925,221985.5396,395492.5511,338263.3653,388039.9021,386298.9852,387549.2378,385780.7285,1360.282577,0,394797.3603,352109.8168,351026.0184,347049.551,451105.6407,125597.7464,122356.4205,1815.386212,333134.2315,329423.1276
1849,474249.116,446393.4929,388978.9714,372859.4046,186201.9132,479970.4942,531508.4433,94125.95894,80513.04881,551292.0063,503704.6831,478366.7664,93009.92021,538813.9201,479304.5685,545430.8489,367227.0487,367001.2404,368136.0065,106026.6803,103725.245,98602.87069,109920.5045,101845.4587,372418.0151,372715.7836,536996.8587,449110.2793,363428.5549,363062.0705,391290.7779,304058.6597,364161.3998,484118.6819,439271.9156,302413.4939,404198.4103,49623.95376,50911.86552,430881.6208,377134.5706,371620.7777,99885.41696,320838.7057,187528.7387,189997.0439,304189.1326,109808.8929,299138.2927,436241.5605,345993.7858,348332.4545,193445.4181,307369.0034,314184.1405,308332.6975,476619.559,106383.0778,85743.34955,112884.1778,436100.8619,441203.363,395937.6031,402923.4926,463014.6786,523315.346,519410.1803,976.2901573,460919.8733,6898.007936,8989.878331,7318.397377,10766.77154,394085.5281,394797.3603,0,47701.89568,48506.27754,469706.059,110661.7384,271025.4977,273565.3373,393815.2055,455790.7395,452079.6356
1862,431561.5725,403705.9494,346291.4279,330171.8611,143514.3698,437282.9507,551084.5856,113702.1012,100089.1911,570868.1486,461017.1396,435679.2229,112586.0625,558390.0624,436617.0251,565006.9912,324539.5052,324313.6969,325448.463,125602.8226,123301.3873,118179.013,129496.6468,121421.601,329730.4716,330028.2401,556573.0009,406422.7358,320741.0114,320374.5271,348603.2344,261371.1162,321473.8563,441431.1384,396584.3721,259725.9504,361510.8668,2480.891143,3489.386368,388194.0773,334447.0271,328933.2342,119461.5593,278151.1622,144841.1952,147309.5004,261501.5891,129385.0352,256450.7492,393554.0171,303306.2423,305644.911,150757.8746,264681.4599,271496.597,265645.154,433932.0155,125959.2201,105319.4918,132460.3201,393413.3184,398515.8195,353250.0596,360235.9491,420327.1351,542891.4883,538986.3226,48678.18584,418232.3298,40803.88775,38712.01735,40734.87251,37424.10308,351397.9846,352109.8168,47701.89568,0,1363.214929,427018.5155,130237.8807,228337.9542,230877.7938,351127.662,413103.196,409392.0921
1863,430477.7741,402622.1511,345207.6295,329088.0627,142430.5714,436199.1523,551888.9675,114506.4831,100893.573,571672.5304,459933.3412,434595.4245,113390.4444,559194.4443,435533.2267,565811.373,323455.7068,323229.8985,324364.6646,126407.2045,124105.7692,118983.3948,130301.0287,122225.9829,328646.6732,328944.4417,557377.3828,405338.9374,319657.213,319290.7287,347519.436,260287.3178,320390.0579,440347.34,395500.5737,258642.152,360427.0684,1117.676214,2405.587973,387110.2789,333363.2287,327849.4358,120265.9411,277067.3638,143757.3968,146225.702,260417.7907,130189.4171,255366.9508,392470.2187,302222.4439,304561.1126,149674.0762,263597.6615,270412.7986,264561.3557,432848.2171,126763.602,106123.8737,133264.702,392329.5201,397432.0211,352166.2613,359152.1507,419243.3367,543695.8701,539790.7045,49482.5677,417148.5314,41608.26961,39516.39921,41539.25437,38228.48494,350314.1862,351026.0184,48506.27754,1363.214929,0,425934.7171,131042.2625,227254.1558,229793.9954,350043.8636,412019.3976,408308.2937
1895,427758.6811,399903.058,341231.1621,325111.5952,302475.7033,433480.0592,582646.7311,509478.5599,495865.6498,599070.985,457214.2481,431876.3314,508362.5212,589952.2079,432814.1336,596569.1366,319198.14,319253.4311,320388.1971,521379.2813,519077.846,513955.4716,525273.1055,517198.0597,324389.1064,324967.9742,588135.1464,402619.8444,315399.6462,315314.2612,343542.9685,258943.8514,316132.4911,437628.2469,43185.70789,264232.3352,356450.601,425096.4574,423529.1291,384391.1858,329386.7613,323872.9683,515238.0179,269577.1543,303802.5287,306270.8339,267268.714,525161.4939,264313.4981,389751.1256,297964.8771,300303.5458,309719.2081,251826.156,262852.3143,256227.8481,430129.1241,521735.6788,501095.9505,528236.7788,40014.65428,394712.928,348189.7938,355175.6833,6691.380407,557463.1336,552929.2807,470401.2498,8786.185672,462948.6007,461207.6838,462457.9364,460689.4271,346337.7187,347049.551,469706.059,427018.5155,425934.7171,0,526014.3393,244085.3853,246976.5992,346067.3961,39540.70449,35829.60056
6668,530557.3964,502701.7733,445287.2518,429167.685,242510.1936,536278.7746,456987.7957,30595.87327,45473.25441,476771.3586,532378.9761,534675.0467,32136.86624,464293.2725,535612.8489,470910.2012,423535.3291,423309.5208,424444.2869,7858.865879,7990.615982,12339.96706,2900.857358,10359.38623,428726.2954,429024.064,462476.211,505418.5597,419736.8353,419370.3509,447599.0583,360366.9401,420469.6802,540013.1589,495580.1959,358721.7743,460506.6907,132159.9388,133447.8505,487189.9012,433442.851,427929.058,36355.3313,377146.9861,243837.0191,246305.3243,360497.413,12476.81898,355446.5731,492549.8409,402302.0662,404640.7349,249753.6985,363677.2838,370492.4209,364640.9779,532927.8394,10023.10709,39403.4369,15135.48816,492409.1423,497511.6434,452245.8835,459231.773,519322.9589,448794.6984,444889.5327,111356.9292,517228.1537,103904.2801,102163.3632,103413.6159,101645.1065,450393.8085,451105.6407,110661.7384,130237.8807,131042.2625,526014.3393,0,327333.778,329873.6177,450123.4858,512099.0199,508387.916
7053,205049.5021,177193.879,119779.3575,103659.7906,103795.142,210770.8803,359937.5521,310797.9986,297185.0884,376361.806,234505.0691,209167.1524,309681.9599,367243.0289,210104.9546,373859.9576,98027.4348,97801.62648,98936.39255,322698.72,320397.2847,315274.9103,326592.5442,318517.4984,103218.4011,103516.1697,365425.9674,179910.6654,94228.941,93862.45662,122091.164,34156.29738,94961.7859,214919.068,213651.2419,33213.88,134998.7964,226415.8961,224848.5678,161682.0069,107934.9567,102421.1637,316557.4566,50936.34335,105121.9674,107590.2726,34989.51865,326480.9326,29938.67877,167041.9466,76794.17187,79132.84058,111038.6468,37466.64107,44281.77815,38430.33521,207419.9451,323055.1175,302415.3892,329556.2174,210480.1883,172003.7491,126737.9892,133723.8787,237394.0049,334753.9546,330220.1017,271720.6884,235299.1996,264268.0394,262527.1225,263777.3751,262008.8658,124885.9142,125597.7464,271025.4977,228337.9542,227254.1558,244085.3853,327333.778,0,3241.325931,124615.5915,230170.0659,226458.9619
7054,201808.1762,173952.5531,116538.0316,100418.4647,106334.9816,207529.5543,356696.2261,313337.8382,299724.9281,373120.4801,231263.7432,205925.8265,312221.7995,364001.7029,206863.6287,370618.6317,94786.10887,94560.30055,95695.06662,325238.5596,322937.1243,317814.75,329132.3838,321057.338,99977.07521,100274.8437,362184.6415,176669.3394,90987.61507,90621.13069,118849.838,30914.97145,91720.45997,211677.742,216542.4558,29972.55407,131757.4705,228955.7357,227388.4074,158440.6809,104693.6307,99179.83781,319097.2963,47695.01742,107661.8071,110130.1123,31748.19272,329020.7722,26697.35284,163800.6207,73552.84594,75891.51465,113578.4864,34225.31513,41040.45222,35189.00928,204178.6191,325594.9571,304955.2288,332096.0571,213371.4021,168762.4231,123496.6633,130482.5528,240285.2188,331512.6286,326978.7758,274260.5281,238190.4135,266807.879,265066.9621,266317.2148,264548.7055,121644.5882,122356.4205,273565.3373,230877.7938,229793.9954,246976.5992,329873.6177,3241.325931,0,121374.2656,233061.2797,229350.1758
7273,95701.04006,67845.417,13218.40508,23771.00157,226584.8498,101422.4182,250589.09,433587.7064,419974.7963,267013.344,125156.6071,99818.69041,432471.6677,257894.5669,100756.4926,264511.4956,57040.63405,28779.97776,25679.19899,445488.4278,443186.9925,438064.6181,449382.252,441307.2062,51146.0779,32047.30439,256077.5054,70562.20335,61256.99054,41719.04735,40910.58228,93828.70518,63938.2238,105570.6059,315633.2527,92872.43974,14586.65338,349205.6039,347638.2756,52333.54484,43680.41969,22334.97748,439347.1644,76490.2418,227911.6752,230379.9804,89766.62257,449270.6404,94676.91277,57693.4846,56782.54718,59121.21589,233828.3546,95494.43268,83215.08184,89839.54802,98071.48306,445844.8253,425205.097,452345.9253,312462.1991,62655.28704,6807.698295,13514.17125,339376.0157,225405.4926,220871.6397,394510.3963,337281.2104,387057.7472,385316.8303,386567.0829,384798.5736,2404.328372,1815.386212,393815.2055,351127.662,350043.8636,346067.3961,450123.4858,124615.5915,121374.2656,0,332152.0767,328440.9728
7713,413843.3616,385987.7386,327315.8426,311196.2758,288560.3838,419564.7398,568731.4116,495563.2404,481950.3303,585155.6655,443298.9287,417961.012,494447.2017,576036.8884,418898.8142,582653.8171,305282.8206,305338.1116,306472.8777,507463.9618,505162.5265,500040.1522,511357.7861,503282.7402,310473.7869,311052.6548,574219.8269,388704.5249,301484.3268,301398.9418,329627.6491,245028.532,302217.1717,423712.9275,29825.87601,250317.0158,342535.2815,411181.138,409613.8097,370475.8664,315471.4418,309957.6489,501322.6985,255661.8349,289887.2093,292355.5145,253353.3945,511246.1745,250398.1786,375835.8062,284049.5576,286388.2264,295803.8887,237910.8365,248936.9948,242312.5287,416213.8046,507820.3593,487180.6311,514321.4593,26654.8224,380797.6086,334274.4743,341260.3638,32849.32408,543547.8141,539013.9612,456485.9303,30754.51881,449033.2813,447292.3644,448542.617,446774.1077,332422.3993,333134.2315,455790.7395,413103.196,412019.3976,39540.70449,512099.0199,230170.0659,233061.2797,332152.0767,0,5246.227151
7714,410132.2577,382276.6346,323604.7387,307485.1719,284849.2799,415853.6359,565020.3077,491852.1365,478239.2264,581444.5616,439587.8248,414249.908,490736.0978,572325.7845,415187.7102,578942.7132,301571.7167,301627.0077,302761.7738,503752.8579,501451.4226,496329.0483,507646.6821,499571.6363,306762.683,307341.5509,570508.723,384993.421,297773.2228,297687.8378,325916.5452,241317.428,298506.0677,420001.8236,26114.77209,246605.9119,338824.1776,407470.034,405902.7057,366764.7625,311760.3379,306246.5449,497611.5945,251950.7309,286176.1054,288644.4106,249642.2906,507535.0705,246687.0747,372124.7022,280338.4537,282677.1224,292092.7847,234199.7326,245225.8909,238601.4247,412502.7007,504109.2554,483469.5271,510610.3554,22943.71848,377086.5047,330563.3704,337549.2599,29138.22016,539836.7102,535302.8573,452774.8264,27043.41489,445322.1773,443581.2604,444831.5131,443063.0038,328711.2954,329423.1276,452079.6356,409392.0921,408308.2937,35829.60056,508387.916,226458.9619,229350.1758,328440.9728,5246.227151,0
